[ {
  "team_id" : 746,
  "team_name" : "Manchester City WFC",
  "lineup" : [ {
    "player_id" : 4637,
    "player_name" : "Ellie Roebuck",
    "player_nickname" : null,
    "birth_date" : "1999-09-23",
    "player_gender" : "female",
    "player_height" : 174.0,
    "player_weight" : 58.0,
    "jersey_number" : 1,
    "country" : {
      "id" : 68,
      "name" : "England"
    },
    "positions" : [ {
      "position_id" : 1,
      "position" : "Goalkeeper",
      "from" : "00:00:00.000",
      "to" : null,
      "from_period" : 1,
      "to_period" : null,
      "start_reason" : "Starting XI",
      "end_reason" : "Final Whistle"
    } ],
    "stats" : {
      "own_goals" : 0,
      "goals" : 0,
      "assists" : 0,
      "penalties_scored" : 0,
      "penalties_missed" : 0,
      "penalties_saved" : 0
    }
  }, {
    "player_id" : 4649,
    "player_name" : "Esme Beth Morgan",
    "player_nickname" : "Esme Morgan",
    "birth_date" : "2000-10-18",
    "player_gender" : "female",
    "player_height" : 177.0,
    "player_weight" : 60.0,
    "jersey_number" : 14,
    "country" : {
      "id" : 68,
      "name" : "England"
    },
    "positions" : [ {
      "position_id" : 2,
      "position" : "Right Back",
      "from" : "01:00:31.850",
      "to" : null,
      "from_period" : 2,
      "to_period" : null,
      "start_reason" : "Substitution - On (Tactical)",
      "end_reason" : "Final Whistle",
      "counterpart_id" : 221888,
      "counterpart_name" : "Kerstin Yasmijn Casparij"
    } ],
    "stats" : {
      "own_goals" : 0,
      "goals" : 0,
      "assists" : 0,
      "penalties_scored" : 0,
      "penalties_missed" : 0,
      "penalties_saved" : 0
    }
  }, {
    "player_id" : 4651,
    "player_name" : "Demi Stokes",
    "player_nickname" : null,
    "birth_date" : "1991-12-12",
    "player_gender" : "female",
    "player_height" : 162.0,
    "player_weight" : 50.0,
    "jersey_number" : 3,
    "country" : {
      "id" : 68,
      "name" : "England"
    },
    "positions" : [ ],
    "stats" : [ ]
  }, {
    "player_id" : 5078,
    "player_name" : "Alanna Stephanie Kennedy",
    "player_nickname" : null,
    "birth_date" : "1995-01-21",
    "player_gender" : "female",
    "player_height" : 176.0,
    "player_weight" : 63.0,
    "jersey_number" : 33,
    "country" : {
      "id" : 14,
      "name" : "Australia"
    },
    "positions" : [ ],
    "stats" : [ ]
  }, {
    "player_id" : 6818,
    "player_name" : "Hayley Emma Raso",
    "player_nickname" : null,
    "birth_date" : "1994-09-05",
    "player_gender" : "female",
    "player_height" : 161.0,
    "player_weight" : 60.0,
    "jersey_number" : 13,
    "country" : {
      "id" : 14,
      "name" : "Australia"
    },
    "positions" : [ {
      "position_id" : 17,
      "position" : "Right Wing",
      "from" : "01:00:30.357",
      "to" : null,
      "from_period" : 2,
      "to_period" : null,
      "start_reason" : "Substitution - On (Tactical)",
      "end_reason" : "Final Whistle",
      "counterpart_id" : 15570,
      "counterpart_name" : "Chloe Kelly"
    } ],
    "stats" : {
      "own_goals" : 0,
      "goals" : 0,
      "assists" : 0,
      "penalties_scored" : 0,
      "penalties_missed" : 0,
      "penalties_saved" : 0
    }
  }, {
    "player_id" : 10163,
    "player_name" : "Leila Ouahabi El Ouahabi",
    "player_nickname" : "Leila Ouahabi",
    "birth_date" : "1993-03-22",
    "player_gender" : "female",
    "player_height" : 171.0,
    "player_weight" : 58.0,
    "jersey_number" : 15,
    "country" : {
      "id" : 214,
      "name" : "Spain"
    },
    "positions" : [ {
      "position_id" : 6,
      "position" : "Left Back",
      "from" : "00:00:00.000",
      "to" : null,
      "from_period" : 1,
      "to_period" : null,
      "start_reason" : "Starting XI",
      "end_reason" : "Final Whistle"
    } ],
    "stats" : {
      "own_goals" : 0,
      "goals" : 0,
      "assists" : 0,
      "penalties_scored" : 0,
      "penalties_missed" : 0,
      "penalties_saved" : 0
    }
  }, {
    "player_id" : 10185,
    "player_name" : "Stephanie Houghton",
    "player_nickname" : null,
    "birth_date" : "1988-04-23",
    "player_gender" : "female",
    "player_height" : 174.0,
    "player_weight" : 60.0,
    "jersey_number" : 6,
    "country" : {
      "id" : 68,
      "name" : "England"
    },
    "positions" : [ ],
    "stats" : [ ]
  }, {
    "player_id" : 10252,
    "player_name" : "Alex Greenwood",
    "player_nickname" : null,
    "birth_date" : "1993-09-07",
    "player_gender" : "female",
    "player_height" : 168.0,
    "player_weight" : 62.0,
    "jersey_number" : 5,
    "country" : {
      "id" : 68,
      "name" : "England"
    },
    "positions" : [ {
      "position_id" : 5,
      "position" : "Left Center Back",
      "from" : "00:00:00.000",
      "to" : null,
      "from_period" : 1,
      "to_period" : null,
      "start_reason" : "Starting XI",
      "end_reason" : "Final Whistle"
    } ],
    "stats" : {
      "own_goals" : 0,
      "goals" : 0,
      "assists" : 0,
      "penalties_scored" : 0,
      "penalties_missed" : 0,
      "penalties_saved" : 0
    }
  }, {
    "player_id" : 15570,
    "player_name" : "Chloe Kelly",
    "player_nickname" : null,
    "birth_date" : "1998-01-15",
    "player_gender" : "female",
    "player_height" : 168.0,
    "player_weight" : 59.0,
    "jersey_number" : 9,
    "country" : {
      "id" : 68,
      "name" : "England"
    },
    "positions" : [ {
      "position_id" : 17,
      "position" : "Right Wing",
      "from" : "00:00:00.000",
      "to" : "01:00:30.357",
      "from_period" : 1,
      "to_period" : 2,
      "start_reason" : "Starting XI",
      "end_reason" : "Substitution - Off (Tactical)",
      "counterpart_id" : 6818,
      "counterpart_name" : "Hayley Emma Raso"
    } ],
    "stats" : {
      "own_goals" : 0,
      "goals" : 0,
      "assists" : 1,
      "penalties_scored" : 0,
      "penalties_missed" : 0,
      "penalties_saved" : 0
    }
  }, {
    "player_id" : 19416,
    "player_name" : "Laura Coombs",
    "player_nickname" : null,
    "birth_date" : "1991-01-29",
    "player_gender" : "female",
    "player_height" : 162.0,
    "player_weight" : null,
    "jersey_number" : 7,
    "country" : {
      "id" : 68,
      "name" : "England"
    },
    "positions" : [ {
      "position_id" : 15,
      "position" : "Left Center Midfield",
      "from" : "00:00:00.000",
      "to" : "00:45:00.000",
      "from_period" : 1,
      "to_period" : 2,
      "start_reason" : "Starting XI",
      "end_reason" : "Substitution - Off (Tactical)",
      "counterpart_id" : 62666,
      "counterpart_name" : "Ingrid Filippa Angeldal"
    } ],
    "stats" : {
      "own_goals" : 0,
      "goals" : 1,
      "assists" : 0,
      "penalties_scored" : 0,
      "penalties_missed" : 0,
      "penalties_saved" : 0
    }
  }, {
    "player_id" : 25554,
    "player_name" : "Khadija Monifa Shaw",
    "player_nickname" : null,
    "birth_date" : "1997-01-31",
    "player_gender" : "female",
    "player_height" : 182.0,
    "player_weight" : null,
    "jersey_number" : 21,
    "country" : {
      "id" : 113,
      "name" : "Jamaica"
    },
    "positions" : [ {
      "position_id" : 23,
      "position" : "Center Forward",
      "from" : "00:00:00.000",
      "to" : null,
      "from_period" : 1,
      "to_period" : null,
      "start_reason" : "Starting XI",
      "end_reason" : "Final Whistle"
    } ],
    "stats" : {
      "own_goals" : 0,
      "goals" : 0,
      "assists" : 0,
      "penalties_scored" : 0,
      "penalties_missed" : 0,
      "penalties_saved" : 0
    }
  }, {
    "player_id" : 25632,
    "player_name" : "Yui Hasegawa",
    "player_nickname" : null,
    "birth_date" : "1997-01-29",
    "player_gender" : "female",
    "player_height" : 154.0,
    "player_weight" : null,
    "jersey_number" : 25,
    "country" : {
      "id" : 114,
      "name" : "Japan"
    },
    "positions" : [ {
      "position_id" : 10,
      "position" : "Center Defensive Midfield",
      "from" : "00:00:00.000",
      "to" : "01:13:01.165",
      "from_period" : 1,
      "to_period" : 2,
      "start_reason" : "Starting XI",
      "end_reason" : "Tactical Shift"
    }, {
      "position_id" : 15,
      "position" : "Left Center Midfield",
      "from" : "01:13:01.165",
      "to" : null,
      "from_period" : 2,
      "to_period" : null,
      "start_reason" : "Tactical Shift",
      "end_reason" : "Final Whistle"
    } ],
    "stats" : {
      "own_goals" : 0,
      "goals" : 0,
      "assists" : 0,
      "penalties_scored" : 0,
      "penalties_missed" : 0,
      "penalties_saved" : 0
    }
  }, {
    "player_id" : 32210,
    "player_name" : "Laia Aleixandri López",
    "player_nickname" : "Laia Aleixandri",
    "birth_date" : "2000-08-25",
    "player_gender" : "female",
    "player_height" : 170.0,
    "player_weight" : 55.0,
    "jersey_number" : 4,
    "country" : {
      "id" : 214,
      "name" : "Spain"
    },
    "positions" : [ {
      "position_id" : 3,
      "position" : "Right Center Back",
      "from" : "00:00:00.000",
      "to" : null,
      "from_period" : 1,
      "to_period" : null,
      "start_reason" : "Starting XI",
      "end_reason" : "Final Whistle"
    } ],
    "stats" : {
      "own_goals" : 0,
      "goals" : 0,
      "assists" : 0,
      "penalties_scored" : 0,
      "penalties_missed" : 0,
      "penalties_saved" : 0
    }
  }, {
    "player_id" : 34360,
    "player_name" : "Alexandra MacIver",
    "player_nickname" : null,
    "birth_date" : "1998-06-18",
    "player_gender" : "female",
    "player_height" : 176.0,
    "player_weight" : null,
    "jersey_number" : 22,
    "country" : {
      "id" : 68,
      "name" : "England"
    },
    "positions" : [ ],
    "stats" : [ ]
  }, {
    "player_id" : 41812,
    "player_name" : "Ruby Mace",
    "player_nickname" : null,
    "birth_date" : "2003-09-05",
    "player_gender" : "female",
    "player_height" : 168.0,
    "player_weight" : 59.0,
    "jersey_number" : 30,
    "country" : {
      "id" : 68,
      "name" : "England"
    },
    "positions" : [ {
      "position_id" : 13,
      "position" : "Right Center Midfield",
      "from" : "01:12:31.641",
      "to" : "01:13:01.165",
      "from_period" : 2,
      "to_period" : 2,
      "start_reason" : "Substitution - On (Tactical)",
      "end_reason" : "Tactical Shift",
      "counterpart_id" : 49938,
      "counterpart_name" : "Deyna Cristina Castellanos Naujenis"
    }, {
      "position_id" : 10,
      "position" : "Center Defensive Midfield",
      "from" : "01:13:01.165",
      "to" : null,
      "from_period" : 2,
      "to_period" : null,
      "start_reason" : "Tactical Shift",
      "end_reason" : "Final Whistle"
    } ],
    "stats" : {
      "own_goals" : 0,
      "goals" : 0,
      "assists" : 0,
      "penalties_scored" : 0,
      "penalties_missed" : 0,
      "penalties_saved" : 0
    }
  }, {
    "player_id" : 49938,
    "player_name" : "Deyna Cristina Castellanos Naujenis",
    "player_nickname" : null,
    "birth_date" : "1999-04-18",
    "player_gender" : "female",
    "player_height" : 170.0,
    "player_weight" : 58.0,
    "jersey_number" : 10,
    "country" : {
      "id" : 246,
      "name" : "Venezuela (Bolivarian Republic)"
    },
    "positions" : [ {
      "position_id" : 13,
      "position" : "Right Center Midfield",
      "from" : "00:00:00.000",
      "to" : "01:12:31.641",
      "from_period" : 1,
      "to_period" : 2,
      "start_reason" : "Starting XI",
      "end_reason" : "Substitution - Off (Tactical)",
      "counterpart_id" : 41812,
      "counterpart_name" : "Ruby Mace"
    } ],
    "stats" : {
      "own_goals" : 0,
      "goals" : 0,
      "assists" : 0,
      "penalties_scored" : 0,
      "penalties_missed" : 0,
      "penalties_saved" : 0
    }
  }, {
    "player_id" : 62666,
    "player_name" : "Ingrid Filippa Angeldal",
    "player_nickname" : null,
    "birth_date" : "1997-07-14",
    "player_gender" : "female",
    "player_height" : 170.0,
    "player_weight" : 69.0,
    "jersey_number" : 12,
    "country" : {
      "id" : 220,
      "name" : "Sweden"
    },
    "positions" : [ {
      "position_id" : 15,
      "position" : "Left Center Midfield",
      "from" : "00:45:00.000",
      "to" : "01:13:01.165",
      "from_period" : 2,
      "to_period" : 2,
      "start_reason" : "Substitution - On (Tactical)",
      "end_reason" : "Tactical Shift",
      "counterpart_id" : 19416,
      "counterpart_name" : "Laura Coombs"
    }, {
      "position_id" : 13,
      "position" : "Right Center Midfield",
      "from" : "01:13:01.165",
      "to" : null,
      "from_period" : 2,
      "to_period" : null,
      "start_reason" : "Tactical Shift",
      "end_reason" : "Final Whistle"
    } ],
    "stats" : {
      "own_goals" : 0,
      "goals" : 0,
      "assists" : 0,
      "penalties_scored" : 0,
      "penalties_missed" : 0,
      "penalties_saved" : 0
    }
  }, {
    "player_id" : 191851,
    "player_name" : "Julie Blakstad",
    "player_nickname" : null,
    "birth_date" : "2001-08-27",
    "player_gender" : "female",
    "player_height" : 177.0,
    "player_weight" : null,
    "jersey_number" : 41,
    "country" : {
      "id" : 171,
      "name" : "Norway"
    },
    "positions" : [ {
      "position_id" : 21,
      "position" : "Left Wing",
      "from" : "00:00:00.000",
      "to" : null,
      "from_period" : 1,
      "to_period" : null,
      "start_reason" : "Starting XI",
      "end_reason" : "Final Whistle"
    } ],
    "stats" : {
      "own_goals" : 0,
      "goals" : 1,
      "assists" : 0,
      "penalties_scored" : 0,
      "penalties_missed" : 0,
      "penalties_saved" : 0
    }
  }, {
    "player_id" : 221888,
    "player_name" : "Kerstin Yasmijn Casparij",
    "player_nickname" : null,
    "birth_date" : "2000-08-19",
    "player_gender" : "female",
    "player_height" : null,
    "player_weight" : null,
    "jersey_number" : 2,
    "country" : {
      "id" : 160,
      "name" : "Netherlands"
    },
    "positions" : [ {
      "position_id" : 2,
      "position" : "Right Back",
      "from" : "00:00:00.000",
      "to" : "01:00:31.850",
      "from_period" : 1,
      "to_period" : 2,
      "start_reason" : "Starting XI",
      "end_reason" : "Substitution - Off (Tactical)",
      "counterpart_id" : 4649,
      "counterpart_name" : "Esme Beth Morgan"
    } ],
    "stats" : {
      "own_goals" : 0,
      "goals" : 0,
      "assists" : 0,
      "penalties_scored" : 0,
      "penalties_missed" : 0,
      "penalties_saved" : 0
    }
  }, {
    "player_id" : 321997,
    "player_name" : "Annie Hutchings",
    "player_nickname" : null,
    "birth_date" : null,
    "player_gender" : "female",
    "player_height" : null,
    "player_weight" : null,
    "jersey_number" : 36,
    "country" : {
      "id" : 68,
      "name" : "England"
    },
    "positions" : [ ],
    "stats" : [ ]
  } ],
  "formations" : [ {
    "period" : 1,
    "timestamp" : "00:00:00.000",
    "reason" : "Starting XI",
    "formation" : 433
  } ],
  "events" : [ {
    "period" : 1,
    "timestamp" : "00:00:00.000",
    "type" : "Half Start"
  }, {
    "period" : 1,
    "timestamp" : "00:10:31.730",
    "type" : "Own Goal For"
  }, {
    "player_id" : 15570,
    "player_name" : "Chloe Kelly",
    "period" : 1,
    "timestamp" : "00:18:20.563",
    "type" : "High Pass",
    "outcome" : "Assist"
  }, {
    "player_id" : 191851,
    "player_name" : "Julie Blakstad",
    "period" : 1,
    "timestamp" : "00:18:21.443",
    "type" : "Shot",
    "outcome" : "Goal"
  }, {
    "player_id" : 19416,
    "player_name" : "Laura Coombs",
    "period" : 1,
    "timestamp" : "00:25:21.525",
    "type" : "Shot",
    "outcome" : "Goal"
  }, {
    "period" : 1,
    "timestamp" : "00:47:10.012",
    "type" : "Half End"
  }, {
    "period" : 2,
    "timestamp" : "00:45:00.000",
    "type" : "Half Start"
  }, {
    "player_id" : 10163,
    "player_name" : "Leila Ouahabi El Ouahabi",
    "period" : 2,
    "timestamp" : "00:51:29.069",
    "type" : "Foul Committed",
    "outcome" : "Yellow Card"
  }, {
    "player_id" : 4649,
    "player_name" : "Esme Beth Morgan",
    "period" : 2,
    "timestamp" : "01:31:24.615",
    "type" : "Foul Committed",
    "outcome" : "Yellow Card"
  }, {
    "period" : 2,
    "timestamp" : "01:33:14.454",
    "type" : "Half End"
  } ]
}, {
  "team_id" : 965,
  "team_name" : "Brighton & Hove Albion WFC",
  "lineup" : [ {
    "player_id" : 4989,
    "player_name" : "Rebekah Ashley Stott",
    "player_nickname" : null,
    "birth_date" : "1993-06-17",
    "player_gender" : "female",
    "player_height" : 172.0,
    "player_weight" : 61.0,
    "jersey_number" : 13,
    "country" : {
      "id" : 163,
      "name" : "New Zealand"
    },
    "positions" : [ ],
    "stats" : [ ]
  }, {
    "player_id" : 15709,
    "player_name" : "Megan Walsh",
    "player_nickname" : null,
    "birth_date" : "1994-11-12",
    "player_gender" : "female",
    "player_height" : 173.0,
    "player_weight" : null,
    "jersey_number" : 1,
    "country" : {
      "id" : 109,
      "name" : "Ireland"
    },
    "positions" : [ {
      "position_id" : 1,
      "position" : "Goalkeeper",
      "from" : "00:00:00.000",
      "to" : null,
      "from_period" : 1,
      "to_period" : null,
      "start_reason" : "Starting XI",
      "end_reason" : "Final Whistle"
    } ],
    "stats" : {
      "own_goals" : 0,
      "goals" : 0,
      "assists" : 0,
      "penalties_scored" : 0,
      "penalties_missed" : 0,
      "penalties_saved" : 0
    }
  }, {
    "player_id" : 16395,
    "player_name" : "Victoria Williams",
    "player_nickname" : null,
    "birth_date" : "1990-04-05",
    "player_gender" : "female",
    "player_height" : 180.0,
    "player_weight" : null,
    "jersey_number" : 20,
    "country" : {
      "id" : 68,
      "name" : "England"
    },
    "positions" : [ {
      "position_id" : 5,
      "position" : "Left Center Back",
      "from" : "00:00:00.000",
      "to" : null,
      "from_period" : 1,
      "to_period" : null,
      "start_reason" : "Starting XI",
      "end_reason" : "Final Whistle"
    } ],
    "stats" : {
      "own_goals" : 0,
      "goals" : 0,
      "assists" : 0,
      "penalties_scored" : 0,
      "penalties_missed" : 0,
      "penalties_saved" : 0
    }
  }, {
    "player_id" : 16400,
    "player_name" : "Kayleigh Green",
    "player_nickname" : null,
    "birth_date" : "1988-03-22",
    "player_gender" : "female",
    "player_height" : 175.0,
    "player_weight" : 66.0,
    "jersey_number" : 15,
    "country" : {
      "id" : 249,
      "name" : "Wales"
    },
    "positions" : [ {
      "position_id" : 3,
      "position" : "Right Center Back",
      "from" : "00:00:00.000",
      "to" : "00:42:05.680",
      "from_period" : 1,
      "to_period" : 1,
      "start_reason" : "Starting XI",
      "end_reason" : "Player Off"
    }, {
      "position_id" : 3,
      "position" : "Right Center Back",
      "from" : "00:42:29.885",
      "to" : null,
      "from_period" : 1,
      "to_period" : null,
      "start_reason" : "Player On (Off Camera)",
      "end_reason" : "Final Whistle"
    } ],
    "stats" : {
      "own_goals" : 0,
      "goals" : 0,
      "assists" : 0,
      "penalties_scored" : 0,
      "penalties_missed" : 0,
      "penalties_saved" : 0
    }
  }, {
    "player_id" : 17274,
    "player_name" : "Poppy Pattinson",
    "player_nickname" : null,
    "birth_date" : "2000-04-30",
    "player_gender" : "female",
    "player_height" : null,
    "player_weight" : null,
    "jersey_number" : 3,
    "country" : {
      "id" : 68,
      "name" : "England"
    },
    "positions" : [ {
      "position_id" : 6,
      "position" : "Left Back",
      "from" : "00:00:00.000",
      "to" : null,
      "from_period" : 1,
      "to_period" : null,
      "start_reason" : "Starting XI",
      "end_reason" : "Final Whistle"
    } ],
    "stats" : {
      "own_goals" : 0,
      "goals" : 0,
      "assists" : 0,
      "penalties_scored" : 0,
      "penalties_missed" : 0,
      "penalties_saved" : 0
    }
  }, {
    "player_id" : 21059,
    "player_name" : "Katie Robinson",
    "player_nickname" : null,
    "birth_date" : "2002-08-08",
    "player_gender" : "female",
    "player_height" : 0.0,
    "player_weight" : 0.0,
    "jersey_number" : 22,
    "country" : {
      "id" : 68,
      "name" : "England"
    },
    "positions" : [ {
      "position_id" : 12,
      "position" : "Right Midfield",
      "from" : "00:00:00.000",
      "to" : null,
      "from_period" : 1,
      "to_period" : null,
      "start_reason" : "Starting XI",
      "end_reason" : "Final Whistle"
    } ],
    "stats" : {
      "own_goals" : 0,
      "goals" : 0,
      "assists" : 0,
      "penalties_scored" : 0,
      "penalties_missed" : 0,
      "penalties_saved" : 0
    }
  }, {
    "player_id" : 23413,
    "player_name" : "Megan Connolly",
    "player_nickname" : null,
    "birth_date" : "1997-03-07",
    "player_gender" : "female",
    "player_height" : 173.0,
    "player_weight" : null,
    "jersey_number" : 8,
    "country" : {
      "id" : 109,
      "name" : "Ireland"
    },
    "positions" : [ {
      "position_id" : 9,
      "position" : "Right Defensive Midfield",
      "from" : "00:00:00.000",
      "to" : null,
      "from_period" : 1,
      "to_period" : null,
      "start_reason" : "Starting XI",
      "end_reason" : "Final Whistle"
    } ],
    "stats" : {
      "own_goals" : 0,
      "goals" : 0,
      "assists" : 0,
      "penalties_scored" : 0,
      "penalties_missed" : 0,
      "penalties_saved" : 0
    }
  }, {
    "player_id" : 24281,
    "player_name" : "Danielle Carter",
    "player_nickname" : null,
    "birth_date" : "1993-05-18",
    "player_gender" : "female",
    "player_height" : 162.0,
    "player_weight" : 58.0,
    "jersey_number" : 18,
    "country" : {
      "id" : 68,
      "name" : "England"
    },
    "positions" : [ {
      "position_id" : 24,
      "position" : "Left Center Forward",
      "from" : "00:00:00.000",
      "to" : "01:24:18.533",
      "from_period" : 1,
      "to_period" : 2,
      "start_reason" : "Starting XI",
      "end_reason" : "Tactical Shift"
    }, {
      "position_id" : 23,
      "position" : "Center Forward",
      "from" : "01:24:18.533",
      "to" : null,
      "from_period" : 2,
      "to_period" : null,
      "start_reason" : "Tactical Shift",
      "end_reason" : "Final Whistle"
    } ],
    "stats" : {
      "own_goals" : 0,
      "goals" : 0,
      "assists" : 0,
      "penalties_scored" : 0,
      "penalties_missed" : 0,
      "penalties_saved" : 0
    }
  }, {
    "player_id" : 25453,
    "player_name" : "Geum-Min Lee",
    "player_nickname" : "Lee Geum-Min",
    "birth_date" : "1994-04-07",
    "player_gender" : "female",
    "player_height" : 167.0,
    "player_weight" : 60.0,
    "jersey_number" : 9,
    "country" : {
      "id" : 121,
      "name" : "Korea (South)"
    },
    "positions" : [ {
      "position_id" : 22,
      "position" : "Right Center Forward",
      "from" : "00:00:00.000",
      "to" : "01:24:18.533",
      "from_period" : 1,
      "to_period" : 2,
      "start_reason" : "Starting XI",
      "end_reason" : "Tactical Shift"
    }, {
      "position_id" : 16,
      "position" : "Left Midfield",
      "from" : "01:24:18.533",
      "to" : null,
      "from_period" : 2,
      "to_period" : null,
      "start_reason" : "Tactical Shift",
      "end_reason" : "Final Whistle"
    } ],
    "stats" : {
      "own_goals" : 0,
      "goals" : 1,
      "assists" : 0,
      "penalties_scored" : 0,
      "penalties_missed" : 0,
      "penalties_saved" : 0
    }
  }, {
    "player_id" : 26094,
    "player_name" : "Julia Zigiotti-Olme",
    "player_nickname" : null,
    "birth_date" : "1997-12-24",
    "player_gender" : "female",
    "player_height" : 172.0,
    "player_weight" : 66.0,
    "jersey_number" : 10,
    "country" : {
      "id" : 220,
      "name" : "Sweden"
    },
    "positions" : [ {
      "position_id" : 11,
      "position" : "Left Defensive Midfield",
      "from" : "00:00:00.000",
      "to" : null,
      "from_period" : 1,
      "to_period" : null,
      "start_reason" : "Starting XI",
      "end_reason" : "Final Whistle"
    } ],
    "stats" : {
      "own_goals" : 0,
      "goals" : 0,
      "assists" : 0,
      "penalties_scored" : 0,
      "penalties_missed" : 0,
      "penalties_saved" : 0
    }
  }, {
    "player_id" : 34506,
    "player_name" : "Ye-Eun Park",
    "player_nickname" : "Park Ye-Eun",
    "birth_date" : "1996-10-17",
    "player_gender" : "female",
    "player_height" : 165.0,
    "player_weight" : 60.0,
    "jersey_number" : 14,
    "country" : {
      "id" : 121,
      "name" : "Korea (South)"
    },
    "positions" : [ ],
    "stats" : [ ]
  }, {
    "player_id" : 50722,
    "player_name" : "Libby Bance",
    "player_nickname" : null,
    "birth_date" : "2003-07-23",
    "player_gender" : "female",
    "player_height" : null,
    "player_weight" : null,
    "jersey_number" : 12,
    "country" : {
      "id" : 68,
      "name" : "England"
    },
    "positions" : [ {
      "position_id" : 16,
      "position" : "Left Midfield",
      "from" : "01:24:18.187",
      "to" : "01:24:18.533",
      "from_period" : 2,
      "to_period" : 2,
      "start_reason" : "Substitution - On (Tactical)",
      "end_reason" : "Tactical Shift",
      "counterpart_id" : 105102,
      "counterpart_name" : "Veatriki Sarri"
    }, {
      "position_id" : 19,
      "position" : "Center Attacking Midfield",
      "from" : "01:24:18.533",
      "to" : null,
      "from_period" : 2,
      "to_period" : null,
      "start_reason" : "Tactical Shift",
      "end_reason" : "Final Whistle"
    } ],
    "stats" : {
      "own_goals" : 0,
      "goals" : 0,
      "assists" : 0,
      "penalties_scored" : 0,
      "penalties_missed" : 0,
      "penalties_saved" : 0
    }
  }, {
    "player_id" : 81579,
    "player_name" : "Jorja Fox",
    "player_nickname" : null,
    "birth_date" : "2003-08-28",
    "player_gender" : "female",
    "player_height" : 169.0,
    "player_weight" : 63.0,
    "jersey_number" : 2,
    "country" : {
      "id" : 68,
      "name" : "England"
    },
    "positions" : [ {
      "position_id" : 2,
      "position" : "Right Back",
      "from" : "00:00:00.000",
      "to" : null,
      "from_period" : 1,
      "to_period" : null,
      "start_reason" : "Starting XI",
      "end_reason" : "Final Whistle"
    } ],
    "stats" : {
      "own_goals" : 0,
      "goals" : 0,
      "assists" : 0,
      "penalties_scored" : 0,
      "penalties_missed" : 0,
      "penalties_saved" : 0
    }
  }, {
    "player_id" : 85004,
    "player_name" : "Maisie Symonds",
    "player_nickname" : null,
    "birth_date" : "2003-02-02",
    "player_gender" : "female",
    "player_height" : null,
    "player_weight" : null,
    "jersey_number" : 17,
    "country" : {
      "id" : 68,
      "name" : "England"
    },
    "positions" : [ ],
    "stats" : [ ]
  }, {
    "player_id" : 105102,
    "player_name" : "Veatriki Sarri",
    "player_nickname" : null,
    "birth_date" : "1998-01-01",
    "player_gender" : "female",
    "player_height" : 167.0,
    "player_weight" : 56.0,
    "jersey_number" : 7,
    "country" : {
      "id" : 88,
      "name" : "Greece"
    },
    "positions" : [ {
      "position_id" : 16,
      "position" : "Left Midfield",
      "from" : "00:00:00.000",
      "to" : "01:24:18.187",
      "from_period" : 1,
      "to_period" : 2,
      "start_reason" : "Starting XI",
      "end_reason" : "Substitution - Off (Tactical)",
      "counterpart_id" : 50722,
      "counterpart_name" : "Libby Bance"
    } ],
    "stats" : {
      "own_goals" : 1,
      "goals" : 0,
      "assists" : 0,
      "penalties_scored" : 0,
      "penalties_missed" : 0,
      "penalties_saved" : 0
    }
  }, {
    "player_id" : 105103,
    "player_name" : "Katie Startup",
    "player_nickname" : null,
    "birth_date" : "1999-01-28",
    "player_gender" : "female",
    "player_height" : 171.0,
    "player_weight" : 58.0,
    "jersey_number" : 40,
    "country" : {
      "id" : 68,
      "name" : "England"
    },
    "positions" : [ ],
    "stats" : [ ]
  }, {
    "player_id" : 276301,
    "player_name" : "Elisabeth Terland",
    "player_nickname" : null,
    "birth_date" : "2001-06-28",
    "player_gender" : "female",
    "player_height" : 171.0,
    "player_weight" : null,
    "jersey_number" : 11,
    "country" : {
      "id" : 171,
      "name" : "Norway"
    },
    "positions" : [ ],
    "stats" : [ ]
  }, {
    "player_id" : 320404,
    "player_name" : "Lulu Jarvis",
    "player_nickname" : null,
    "birth_date" : "2004-05-06",
    "player_gender" : "female",
    "player_height" : null,
    "player_weight" : null,
    "jersey_number" : 23,
    "country" : {
      "id" : 68,
      "name" : "England"
    },
    "positions" : [ ],
    "stats" : [ ]
  } ],
  "formations" : [ {
    "period" : 1,
    "timestamp" : "00:00:00.000",
    "reason" : "Starting XI",
    "formation" : 442
  }, {
    "period" : 2,
    "timestamp" : "01:24:18.533",
    "reason" : "Tactical Shift",
    "formation" : 4411
  } ],
  "events" : [ {
    "period" : 1,
    "timestamp" : "00:00:00.000",
    "type" : "Half Start"
  }, {
    "player_id" : 105102,
    "player_name" : "Veatriki Sarri",
    "period" : 1,
    "timestamp" : "00:10:31.730",
    "type" : "Own Goal Against"
  }, {
    "player_id" : 105102,
    "player_name" : "Veatriki Sarri",
    "period" : 1,
    "timestamp" : "00:32:17.578",
    "type" : "Foul Committed",
    "outcome" : "Yellow Card"
  }, {
    "period" : 1,
    "timestamp" : "00:47:10.012",
    "type" : "Half End"
  }, {
    "period" : 2,
    "timestamp" : "00:45:00.000",
    "type" : "Half Start"
  }, {
    "player_id" : 25453,
    "player_name" : "Geum-Min Lee",
    "period" : 2,
    "timestamp" : "01:32:11.128",
    "type" : "Shot",
    "outcome" : "Goal"
  }, {
    "period" : 2,
    "timestamp" : "01:33:14.454",
    "type" : "Half End"
  } ]
} ]