[ {
  "team_id" : 746,
  "team_name" : "Manchester City WFC",
  "lineup" : [ {
    "player_id" : 4637,
    "player_name" : "Ellie Roebuck",
    "player_nickname" : null,
    "birth_date" : "1999-09-23",
    "player_gender" : "female",
    "player_height" : 174.0,
    "player_weight" : 58.0,
    "jersey_number" : 1,
    "country" : {
      "id" : 68,
      "name" : "England"
    },
    "positions" : [ {
      "position_id" : 1,
      "position" : "Goalkeeper",
      "from" : "00:00:00.000",
      "to" : null,
      "from_period" : 1,
      "to_period" : null,
      "start_reason" : "Starting XI",
      "end_reason" : "Final Whistle"
    } ],
    "stats" : {
      "own_goals" : 0,
      "goals" : 0,
      "assists" : 0,
      "penalties_scored" : 0,
      "penalties_missed" : 0,
      "penalties_saved" : 0
    }
  }, {
    "player_id" : 4649,
    "player_name" : "Esme Beth Morgan",
    "player_nickname" : "Esme Morgan",
    "birth_date" : "2000-10-18",
    "player_gender" : "female",
    "player_height" : 177.0,
    "player_weight" : 60.0,
    "jersey_number" : 14,
    "country" : {
      "id" : 68,
      "name" : "England"
    },
    "positions" : [ {
      "position_id" : 2,
      "position" : "Right Back",
      "from" : "00:00:00.000",
      "to" : "00:45:00.000",
      "from_period" : 1,
      "to_period" : 2,
      "start_reason" : "Starting XI",
      "end_reason" : "Substitution - Off (Tactical)",
      "counterpart_id" : 221888,
      "counterpart_name" : "Kerstin Yasmijn Casparij"
    } ],
    "stats" : {
      "own_goals" : 0,
      "goals" : 0,
      "assists" : 0,
      "penalties_scored" : 0,
      "penalties_missed" : 0,
      "penalties_saved" : 0
    }
  }, {
    "player_id" : 5078,
    "player_name" : "Alanna Stephanie Kennedy",
    "player_nickname" : null,
    "birth_date" : "1995-01-21",
    "player_gender" : "female",
    "player_height" : 176.0,
    "player_weight" : 63.0,
    "jersey_number" : 33,
    "country" : {
      "id" : 14,
      "name" : "Australia"
    },
    "positions" : [ {
      "position_id" : 3,
      "position" : "Right Center Back",
      "from" : "00:00:00.000",
      "to" : null,
      "from_period" : 1,
      "to_period" : null,
      "start_reason" : "Starting XI",
      "end_reason" : "Final Whistle"
    } ],
    "stats" : {
      "own_goals" : 0,
      "goals" : 0,
      "assists" : 0,
      "penalties_scored" : 0,
      "penalties_missed" : 0,
      "penalties_saved" : 0
    }
  }, {
    "player_id" : 6818,
    "player_name" : "Hayley Emma Raso",
    "player_nickname" : null,
    "birth_date" : "1994-09-05",
    "player_gender" : "female",
    "player_height" : 161.0,
    "player_weight" : 60.0,
    "jersey_number" : 13,
    "country" : {
      "id" : 14,
      "name" : "Australia"
    },
    "positions" : [ {
      "position_id" : 12,
      "position" : "Right Midfield",
      "from" : "01:12:04.881",
      "to" : null,
      "from_period" : 2,
      "to_period" : null,
      "start_reason" : "Substitution - On (Tactical)",
      "end_reason" : "Final Whistle",
      "counterpart_id" : 15570,
      "counterpart_name" : "Chloe Kelly"
    } ],
    "stats" : {
      "own_goals" : 0,
      "goals" : 0,
      "assists" : 0,
      "penalties_scored" : 0,
      "penalties_missed" : 0,
      "penalties_saved" : 0
    }
  }, {
    "player_id" : 10158,
    "player_name" : "María Victoria Losada Gómez",
    "player_nickname" : "Vicky Losada",
    "birth_date" : "1991-03-05",
    "player_gender" : "female",
    "player_height" : 168.0,
    "player_weight" : 61.0,
    "jersey_number" : 17,
    "country" : {
      "id" : 214,
      "name" : "Spain"
    },
    "positions" : [ ],
    "stats" : [ ]
  }, {
    "player_id" : 10163,
    "player_name" : "Leila Ouahabi El Ouahabi",
    "player_nickname" : "Leila Ouahabi",
    "birth_date" : "1993-03-22",
    "player_gender" : "female",
    "player_height" : 171.0,
    "player_weight" : 58.0,
    "jersey_number" : 15,
    "country" : {
      "id" : 214,
      "name" : "Spain"
    },
    "positions" : [ {
      "position_id" : 6,
      "position" : "Left Back",
      "from" : "00:00:00.000",
      "to" : null,
      "from_period" : 1,
      "to_period" : null,
      "start_reason" : "Starting XI",
      "end_reason" : "Final Whistle"
    } ],
    "stats" : {
      "own_goals" : 0,
      "goals" : 0,
      "assists" : 0,
      "penalties_scored" : 0,
      "penalties_missed" : 0,
      "penalties_saved" : 0
    }
  }, {
    "player_id" : 10185,
    "player_name" : "Stephanie Houghton",
    "player_nickname" : null,
    "birth_date" : "1988-04-23",
    "player_gender" : "female",
    "player_height" : 174.0,
    "player_weight" : 60.0,
    "jersey_number" : 6,
    "country" : {
      "id" : 68,
      "name" : "England"
    },
    "positions" : [ ],
    "stats" : [ ]
  }, {
    "player_id" : 10252,
    "player_name" : "Alex Greenwood",
    "player_nickname" : null,
    "birth_date" : "1993-09-07",
    "player_gender" : "female",
    "player_height" : 168.0,
    "player_weight" : 62.0,
    "jersey_number" : 5,
    "country" : {
      "id" : 68,
      "name" : "England"
    },
    "positions" : [ {
      "position_id" : 5,
      "position" : "Left Center Back",
      "from" : "00:00:00.000",
      "to" : null,
      "from_period" : 1,
      "to_period" : null,
      "start_reason" : "Starting XI",
      "end_reason" : "Final Whistle"
    } ],
    "stats" : {
      "own_goals" : 0,
      "goals" : 0,
      "assists" : 0,
      "penalties_scored" : 0,
      "penalties_missed" : 0,
      "penalties_saved" : 0
    }
  }, {
    "player_id" : 15555,
    "player_name" : "Lauren Hemp",
    "player_nickname" : null,
    "birth_date" : "2000-08-07",
    "player_gender" : "female",
    "player_height" : 163.0,
    "player_weight" : 50.0,
    "jersey_number" : 11,
    "country" : {
      "id" : 68,
      "name" : "England"
    },
    "positions" : [ {
      "position_id" : 16,
      "position" : "Left Midfield",
      "from" : "00:00:00.000",
      "to" : null,
      "from_period" : 1,
      "to_period" : null,
      "start_reason" : "Starting XI",
      "end_reason" : "Final Whistle"
    } ],
    "stats" : {
      "own_goals" : 0,
      "goals" : 0,
      "assists" : 0,
      "penalties_scored" : 0,
      "penalties_missed" : 0,
      "penalties_saved" : 0
    }
  }, {
    "player_id" : 15570,
    "player_name" : "Chloe Kelly",
    "player_nickname" : null,
    "birth_date" : "1998-01-15",
    "player_gender" : "female",
    "player_height" : 168.0,
    "player_weight" : 59.0,
    "jersey_number" : 9,
    "country" : {
      "id" : 68,
      "name" : "England"
    },
    "positions" : [ {
      "position_id" : 12,
      "position" : "Right Midfield",
      "from" : "00:00:00.000",
      "to" : "01:12:04.881",
      "from_period" : 1,
      "to_period" : 2,
      "start_reason" : "Starting XI",
      "end_reason" : "Substitution - Off (Tactical)",
      "counterpart_id" : 6818,
      "counterpart_name" : "Hayley Emma Raso"
    } ],
    "stats" : {
      "own_goals" : 0,
      "goals" : 0,
      "assists" : 0,
      "penalties_scored" : 0,
      "penalties_missed" : 0,
      "penalties_saved" : 0
    }
  }, {
    "player_id" : 19416,
    "player_name" : "Laura Coombs",
    "player_nickname" : null,
    "birth_date" : "1991-01-29",
    "player_gender" : "female",
    "player_height" : 162.0,
    "player_weight" : null,
    "jersey_number" : 7,
    "country" : {
      "id" : 68,
      "name" : "England"
    },
    "positions" : [ {
      "position_id" : 15,
      "position" : "Left Center Midfield",
      "from" : "00:00:00.000",
      "to" : null,
      "from_period" : 1,
      "to_period" : null,
      "start_reason" : "Starting XI",
      "end_reason" : "Final Whistle"
    } ],
    "stats" : {
      "own_goals" : 0,
      "goals" : 0,
      "assists" : 0,
      "penalties_scored" : 0,
      "penalties_missed" : 0,
      "penalties_saved" : 0
    }
  }, {
    "player_id" : 25554,
    "player_name" : "Khadija Monifa Shaw",
    "player_nickname" : null,
    "birth_date" : "1997-01-31",
    "player_gender" : "female",
    "player_height" : 182.0,
    "player_weight" : null,
    "jersey_number" : 21,
    "country" : {
      "id" : 113,
      "name" : "Jamaica"
    },
    "positions" : [ {
      "position_id" : 23,
      "position" : "Center Forward",
      "from" : "00:00:00.000",
      "to" : null,
      "from_period" : 1,
      "to_period" : null,
      "start_reason" : "Starting XI",
      "end_reason" : "Final Whistle"
    } ],
    "stats" : {
      "own_goals" : 0,
      "goals" : 0,
      "assists" : 1,
      "penalties_scored" : 0,
      "penalties_missed" : 0,
      "penalties_saved" : 0
    }
  }, {
    "player_id" : 25632,
    "player_name" : "Yui Hasegawa",
    "player_nickname" : null,
    "birth_date" : "1997-01-29",
    "player_gender" : "female",
    "player_height" : 154.0,
    "player_weight" : null,
    "jersey_number" : 25,
    "country" : {
      "id" : 114,
      "name" : "Japan"
    },
    "positions" : [ {
      "position_id" : 10,
      "position" : "Center Defensive Midfield",
      "from" : "00:00:00.000",
      "to" : null,
      "from_period" : 1,
      "to_period" : null,
      "start_reason" : "Starting XI",
      "end_reason" : "Final Whistle"
    } ],
    "stats" : {
      "own_goals" : 0,
      "goals" : 0,
      "assists" : 0,
      "penalties_scored" : 0,
      "penalties_missed" : 0,
      "penalties_saved" : 0
    }
  }, {
    "player_id" : 32210,
    "player_name" : "Laia Aleixandri López",
    "player_nickname" : "Laia Aleixandri",
    "birth_date" : "2000-08-25",
    "player_gender" : "female",
    "player_height" : 170.0,
    "player_weight" : 55.0,
    "jersey_number" : 4,
    "country" : {
      "id" : 214,
      "name" : "Spain"
    },
    "positions" : [ ],
    "stats" : [ ]
  }, {
    "player_id" : 34360,
    "player_name" : "Alexandra MacIver",
    "player_nickname" : null,
    "birth_date" : "1998-06-18",
    "player_gender" : "female",
    "player_height" : 176.0,
    "player_weight" : null,
    "jersey_number" : 22,
    "country" : {
      "id" : 68,
      "name" : "England"
    },
    "positions" : [ ],
    "stats" : [ ]
  }, {
    "player_id" : 35693,
    "player_name" : "Mary Boio Fowler",
    "player_nickname" : null,
    "birth_date" : "2003-02-14",
    "player_gender" : "female",
    "player_height" : 171.0,
    "player_weight" : 66.0,
    "jersey_number" : 8,
    "country" : {
      "id" : 14,
      "name" : "Australia"
    },
    "positions" : [ ],
    "stats" : [ ]
  }, {
    "player_id" : 49938,
    "player_name" : "Deyna Cristina Castellanos Naujenis",
    "player_nickname" : null,
    "birth_date" : "1999-04-18",
    "player_gender" : "female",
    "player_height" : 170.0,
    "player_weight" : 58.0,
    "jersey_number" : 10,
    "country" : {
      "id" : 246,
      "name" : "Venezuela (Bolivarian Republic)"
    },
    "positions" : [ {
      "position_id" : 13,
      "position" : "Right Center Midfield",
      "from" : "00:00:00.000",
      "to" : "01:01:20.481",
      "from_period" : 1,
      "to_period" : 2,
      "start_reason" : "Starting XI",
      "end_reason" : "Substitution - Off (Tactical)",
      "counterpart_id" : 62666,
      "counterpart_name" : "Ingrid Filippa Angeldal"
    } ],
    "stats" : {
      "own_goals" : 0,
      "goals" : 1,
      "assists" : 0,
      "penalties_scored" : 0,
      "penalties_missed" : 0,
      "penalties_saved" : 0
    }
  }, {
    "player_id" : 62666,
    "player_name" : "Ingrid Filippa Angeldal",
    "player_nickname" : null,
    "birth_date" : "1997-07-14",
    "player_gender" : "female",
    "player_height" : 170.0,
    "player_weight" : 69.0,
    "jersey_number" : 12,
    "country" : {
      "id" : 220,
      "name" : "Sweden"
    },
    "positions" : [ {
      "position_id" : 13,
      "position" : "Right Center Midfield",
      "from" : "01:01:20.481",
      "to" : null,
      "from_period" : 2,
      "to_period" : null,
      "start_reason" : "Substitution - On (Tactical)",
      "end_reason" : "Final Whistle",
      "counterpart_id" : 49938,
      "counterpart_name" : "Deyna Cristina Castellanos Naujenis"
    } ],
    "stats" : {
      "own_goals" : 0,
      "goals" : 0,
      "assists" : 0,
      "penalties_scored" : 0,
      "penalties_missed" : 0,
      "penalties_saved" : 0
    }
  }, {
    "player_id" : 191851,
    "player_name" : "Julie Blakstad",
    "player_nickname" : null,
    "birth_date" : "2001-08-27",
    "player_gender" : "female",
    "player_height" : 177.0,
    "player_weight" : null,
    "jersey_number" : 41,
    "country" : {
      "id" : 171,
      "name" : "Norway"
    },
    "positions" : [ ],
    "stats" : [ ]
  }, {
    "player_id" : 221888,
    "player_name" : "Kerstin Yasmijn Casparij",
    "player_nickname" : null,
    "birth_date" : "2000-08-19",
    "player_gender" : "female",
    "player_height" : null,
    "player_weight" : null,
    "jersey_number" : 2,
    "country" : {
      "id" : 160,
      "name" : "Netherlands"
    },
    "positions" : [ {
      "position_id" : 2,
      "position" : "Right Back",
      "from" : "00:45:00.000",
      "to" : null,
      "from_period" : 2,
      "to_period" : null,
      "start_reason" : "Substitution - On (Tactical)",
      "end_reason" : "Final Whistle",
      "counterpart_id" : 4649,
      "counterpart_name" : "Esme Beth Morgan"
    } ],
    "stats" : {
      "own_goals" : 0,
      "goals" : 0,
      "assists" : 0,
      "penalties_scored" : 0,
      "penalties_missed" : 0,
      "penalties_saved" : 0
    }
  } ],
  "formations" : [ {
    "period" : 1,
    "timestamp" : "00:00:00.000",
    "reason" : "Starting XI",
    "formation" : 4141
  } ],
  "events" : [ {
    "period" : 1,
    "timestamp" : "00:00:00.000",
    "type" : "Half Start"
  }, {
    "player_id" : 25554,
    "player_name" : "Khadija Monifa Shaw",
    "period" : 1,
    "timestamp" : "00:27:45.466",
    "type" : "Ground Pass",
    "outcome" : "Assist"
  }, {
    "player_id" : 49938,
    "player_name" : "Deyna Cristina Castellanos Naujenis",
    "period" : 1,
    "timestamp" : "00:27:47.107",
    "type" : "Shot",
    "outcome" : "Goal"
  }, {
    "period" : 1,
    "timestamp" : "00:48:02.013",
    "type" : "Half End"
  }, {
    "period" : 2,
    "timestamp" : "00:45:00.000",
    "type" : "Half Start"
  }, {
    "period" : 2,
    "timestamp" : "01:33:04.233",
    "type" : "Half End"
  } ]
}, {
  "team_id" : 2647,
  "team_name" : "Aston Villa",
  "lineup" : [ {
    "player_id" : 4984,
    "player_name" : "Rachel Corsie",
    "player_nickname" : null,
    "birth_date" : "1989-08-17",
    "player_gender" : "female",
    "player_height" : 175.0,
    "player_weight" : 70.0,
    "jersey_number" : 6,
    "country" : {
      "id" : 201,
      "name" : "Scotland"
    },
    "positions" : [ {
      "position_id" : 5,
      "position" : "Left Center Back",
      "from" : "00:45:00.000",
      "to" : null,
      "from_period" : 2,
      "to_period" : null,
      "start_reason" : "Substitution - On (Tactical)",
      "end_reason" : "Final Whistle",
      "counterpart_id" : 15571,
      "counterpart_name" : "Danielle Turner"
    } ],
    "stats" : {
      "own_goals" : 0,
      "goals" : 0,
      "assists" : 0,
      "penalties_scored" : 0,
      "penalties_missed" : 0,
      "penalties_saved" : 0
    }
  }, {
    "player_id" : 5058,
    "player_name" : "Rachel Daly",
    "player_nickname" : null,
    "birth_date" : "1991-12-06",
    "player_gender" : "female",
    "player_height" : 173.0,
    "player_weight" : 60.0,
    "jersey_number" : 8,
    "country" : {
      "id" : 68,
      "name" : "England"
    },
    "positions" : [ {
      "position_id" : 23,
      "position" : "Center Forward",
      "from" : "00:00:00.000",
      "to" : null,
      "from_period" : 1,
      "to_period" : null,
      "start_reason" : "Starting XI",
      "end_reason" : "Final Whistle"
    } ],
    "stats" : {
      "own_goals" : 0,
      "goals" : 0,
      "assists" : 0,
      "penalties_scored" : 0,
      "penalties_missed" : 0,
      "penalties_saved" : 0
    }
  }, {
    "player_id" : 10192,
    "player_name" : "Jordan Nobbs",
    "player_nickname" : null,
    "birth_date" : "1992-12-08",
    "player_gender" : "female",
    "player_height" : 159.0,
    "player_weight" : 50.0,
    "jersey_number" : 88,
    "country" : {
      "id" : 68,
      "name" : "England"
    },
    "positions" : [ {
      "position_id" : 19,
      "position" : "Center Attacking Midfield",
      "from" : "00:00:00.000",
      "to" : "01:29:03.023",
      "from_period" : 1,
      "to_period" : 2,
      "start_reason" : "Starting XI",
      "end_reason" : "Substitution - Off (Tactical)",
      "counterpart_id" : 35406,
      "counterpart_name" : "Ruesha Littlejohn"
    } ],
    "stats" : {
      "own_goals" : 0,
      "goals" : 0,
      "assists" : 0,
      "penalties_scored" : 0,
      "penalties_missed" : 0,
      "penalties_saved" : 0
    }
  }, {
    "player_id" : 15421,
    "player_name" : "Kenza Dali",
    "player_nickname" : null,
    "birth_date" : "1991-07-31",
    "player_gender" : "female",
    "player_height" : 165.0,
    "player_weight" : 61.0,
    "jersey_number" : 10,
    "country" : {
      "id" : 78,
      "name" : "France"
    },
    "positions" : [ {
      "position_id" : 11,
      "position" : "Left Defensive Midfield",
      "from" : "00:00:00.000",
      "to" : null,
      "from_period" : 1,
      "to_period" : null,
      "start_reason" : "Starting XI",
      "end_reason" : "Final Whistle"
    } ],
    "stats" : {
      "own_goals" : 0,
      "goals" : 0,
      "assists" : 0,
      "penalties_scored" : 0,
      "penalties_missed" : 0,
      "penalties_saved" : 0
    }
  }, {
    "player_id" : 15562,
    "player_name" : "Lucy Staniforth",
    "player_nickname" : null,
    "birth_date" : "1992-10-02",
    "player_gender" : "female",
    "player_height" : 157.0,
    "player_weight" : 54.0,
    "jersey_number" : 12,
    "country" : {
      "id" : 68,
      "name" : "England"
    },
    "positions" : [ {
      "position_id" : 9,
      "position" : "Right Defensive Midfield",
      "from" : "00:00:00.000",
      "to" : null,
      "from_period" : 1,
      "to_period" : null,
      "start_reason" : "Starting XI",
      "end_reason" : "Final Whistle"
    } ],
    "stats" : {
      "own_goals" : 0,
      "goals" : 0,
      "assists" : 0,
      "penalties_scored" : 0,
      "penalties_missed" : 0,
      "penalties_saved" : 0
    }
  }, {
    "player_id" : 15571,
    "player_name" : "Danielle Turner",
    "player_nickname" : null,
    "birth_date" : "1991-09-10",
    "player_gender" : "female",
    "player_height" : null,
    "player_weight" : null,
    "jersey_number" : 14,
    "country" : {
      "id" : 68,
      "name" : "England"
    },
    "positions" : [ {
      "position_id" : 5,
      "position" : "Left Center Back",
      "from" : "00:00:00.000",
      "to" : "00:34:51.618",
      "from_period" : 1,
      "to_period" : 1,
      "start_reason" : "Starting XI",
      "end_reason" : "Player Off"
    }, {
      "position_id" : 5,
      "position" : "Left Center Back",
      "from" : "00:35:14.701",
      "to" : "00:45:00.000",
      "from_period" : 1,
      "to_period" : 2,
      "start_reason" : "Player On",
      "end_reason" : "Substitution - Off (Tactical)",
      "counterpart_id" : 4984,
      "counterpart_name" : "Rachel Corsie"
    } ],
    "stats" : {
      "own_goals" : 0,
      "goals" : 0,
      "assists" : 0,
      "penalties_scored" : 0,
      "penalties_missed" : 0,
      "penalties_saved" : 0
    }
  }, {
    "player_id" : 15724,
    "player_name" : "Mayumi Pacheco",
    "player_nickname" : null,
    "birth_date" : "1998-08-25",
    "player_gender" : "female",
    "player_height" : 164.0,
    "player_weight" : null,
    "jersey_number" : 33,
    "country" : {
      "id" : 68,
      "name" : "England"
    },
    "positions" : [ {
      "position_id" : 6,
      "position" : "Left Back",
      "from" : "00:00:00.000",
      "to" : "00:45:26.112",
      "from_period" : 1,
      "to_period" : 2,
      "start_reason" : "Starting XI",
      "end_reason" : "Player Off"
    }, {
      "position_id" : 6,
      "position" : "Left Back",
      "from" : "00:46:42.189",
      "to" : null,
      "from_period" : 2,
      "to_period" : null,
      "start_reason" : "Player On",
      "end_reason" : "Final Whistle"
    } ],
    "stats" : {
      "own_goals" : 0,
      "goals" : 0,
      "assists" : 0,
      "penalties_scored" : 0,
      "penalties_missed" : 0,
      "penalties_saved" : 0
    }
  }, {
    "player_id" : 18153,
    "player_name" : "Alisha Lehmann",
    "player_nickname" : null,
    "birth_date" : "1999-01-21",
    "player_gender" : "female",
    "player_height" : 166.0,
    "player_weight" : 60.0,
    "jersey_number" : 7,
    "country" : {
      "id" : 221,
      "name" : "Switzerland"
    },
    "positions" : [ {
      "position_id" : 17,
      "position" : "Right Wing",
      "from" : "00:45:00.000",
      "to" : "01:05:07.594",
      "from_period" : 2,
      "to_period" : 2,
      "start_reason" : "Substitution - On (Tactical)",
      "end_reason" : "Tactical Shift",
      "counterpart_id" : 33675,
      "counterpart_name" : "Laura Madison Blindkilde Brown"
    }, {
      "position_id" : 21,
      "position" : "Left Wing",
      "from" : "01:05:07.594",
      "to" : null,
      "from_period" : 2,
      "to_period" : null,
      "start_reason" : "Tactical Shift",
      "end_reason" : "Final Whistle"
    } ],
    "stats" : {
      "own_goals" : 0,
      "goals" : 0,
      "assists" : 0,
      "penalties_scored" : 0,
      "penalties_missed" : 0,
      "penalties_saved" : 0
    }
  }, {
    "player_id" : 19500,
    "player_name" : "Sarah Emma Mayling",
    "player_nickname" : "Sarah Mayling",
    "birth_date" : "1997-03-20",
    "player_gender" : "female",
    "player_height" : null,
    "player_weight" : null,
    "jersey_number" : 2,
    "country" : {
      "id" : 68,
      "name" : "England"
    },
    "positions" : [ {
      "position_id" : 2,
      "position" : "Right Back",
      "from" : "00:00:00.000",
      "to" : null,
      "from_period" : 1,
      "to_period" : null,
      "start_reason" : "Starting XI",
      "end_reason" : "Final Whistle"
    } ],
    "stats" : {
      "own_goals" : 0,
      "goals" : 0,
      "assists" : 0,
      "penalties_scored" : 0,
      "penalties_missed" : 0,
      "penalties_saved" : 0
    }
  }, {
    "player_id" : 22032,
    "player_name" : "Hannah Hampton",
    "player_nickname" : null,
    "birth_date" : "2000-11-16",
    "player_gender" : "female",
    "player_height" : 173.0,
    "player_weight" : null,
    "jersey_number" : 1,
    "country" : {
      "id" : 68,
      "name" : "England"
    },
    "positions" : [ ],
    "stats" : [ ]
  }, {
    "player_id" : 25744,
    "player_name" : "Emily Gielnik",
    "player_nickname" : null,
    "birth_date" : "1992-05-13",
    "player_gender" : "female",
    "player_height" : 178.0,
    "player_weight" : 68.0,
    "jersey_number" : 9,
    "country" : {
      "id" : 14,
      "name" : "Australia"
    },
    "positions" : [ ],
    "stats" : [ ]
  }, {
    "player_id" : 31532,
    "player_name" : "Kirsty Hanson",
    "player_nickname" : null,
    "birth_date" : "1998-04-17",
    "player_gender" : "female",
    "player_height" : 163.0,
    "player_weight" : 54.0,
    "jersey_number" : 20,
    "country" : {
      "id" : 201,
      "name" : "Scotland"
    },
    "positions" : [ {
      "position_id" : 21,
      "position" : "Left Wing",
      "from" : "00:00:00.000",
      "to" : "01:05:07.594",
      "from_period" : 1,
      "to_period" : 2,
      "start_reason" : "Starting XI",
      "end_reason" : "Tactical Shift"
    }, {
      "position_id" : 17,
      "position" : "Right Wing",
      "from" : "01:05:07.594",
      "to" : null,
      "from_period" : 2,
      "to_period" : null,
      "start_reason" : "Tactical Shift",
      "end_reason" : "Final Whistle"
    } ],
    "stats" : {
      "own_goals" : 0,
      "goals" : 1,
      "assists" : 0,
      "penalties_scored" : 0,
      "penalties_missed" : 0,
      "penalties_saved" : 0
    }
  }, {
    "player_id" : 33675,
    "player_name" : "Laura Madison Blindkilde Brown",
    "player_nickname" : null,
    "birth_date" : "2003-09-09",
    "player_gender" : "female",
    "player_height" : null,
    "player_weight" : null,
    "jersey_number" : 19,
    "country" : {
      "id" : 68,
      "name" : "England"
    },
    "positions" : [ {
      "position_id" : 17,
      "position" : "Right Wing",
      "from" : "00:00:00.000",
      "to" : "00:45:00.000",
      "from_period" : 1,
      "to_period" : 2,
      "start_reason" : "Starting XI",
      "end_reason" : "Substitution - Off (Tactical)",
      "counterpart_id" : 18153,
      "counterpart_name" : "Alisha Lehmann"
    } ],
    "stats" : {
      "own_goals" : 0,
      "goals" : 0,
      "assists" : 0,
      "penalties_scored" : 0,
      "penalties_missed" : 0,
      "penalties_saved" : 0
    }
  }, {
    "player_id" : 35406,
    "player_name" : "Ruesha Littlejohn",
    "player_nickname" : null,
    "birth_date" : "1990-07-03",
    "player_gender" : "female",
    "player_height" : 168.0,
    "player_weight" : null,
    "jersey_number" : 31,
    "country" : {
      "id" : 109,
      "name" : "Ireland"
    },
    "positions" : [ {
      "position_id" : 19,
      "position" : "Center Attacking Midfield",
      "from" : "01:29:03.023",
      "to" : null,
      "from_period" : 2,
      "to_period" : null,
      "start_reason" : "Substitution - On (Tactical)",
      "end_reason" : "Final Whistle",
      "counterpart_id" : 10192,
      "counterpart_name" : "Jordan Nobbs"
    } ],
    "stats" : {
      "own_goals" : 0,
      "goals" : 0,
      "assists" : 0,
      "penalties_scored" : 0,
      "penalties_missed" : 0,
      "penalties_saved" : 0
    }
  }, {
    "player_id" : 77717,
    "player_name" : "Olivia McLoughlin",
    "player_nickname" : null,
    "birth_date" : "2004-10-15",
    "player_gender" : "female",
    "player_height" : null,
    "player_weight" : null,
    "jersey_number" : 16,
    "country" : {
      "id" : 68,
      "name" : "England"
    },
    "positions" : [ ],
    "stats" : [ ]
  }, {
    "player_id" : 78072,
    "player_name" : "Anna Patten",
    "player_nickname" : null,
    "birth_date" : "1999-04-20",
    "player_gender" : "female",
    "player_height" : 178.0,
    "player_weight" : null,
    "jersey_number" : 15,
    "country" : {
      "id" : 68,
      "name" : "England"
    },
    "positions" : [ {
      "position_id" : 3,
      "position" : "Right Center Back",
      "from" : "00:00:00.000",
      "to" : null,
      "from_period" : 1,
      "to_period" : null,
      "start_reason" : "Starting XI",
      "end_reason" : "Final Whistle"
    } ],
    "stats" : {
      "own_goals" : 0,
      "goals" : 0,
      "assists" : 0,
      "penalties_scored" : 0,
      "penalties_missed" : 0,
      "penalties_saved" : 0
    }
  }, {
    "player_id" : 131589,
    "player_name" : "Anna Jessica Leat",
    "player_nickname" : null,
    "birth_date" : "2001-06-26",
    "player_gender" : "female",
    "player_height" : 173.0,
    "player_weight" : null,
    "jersey_number" : 21,
    "country" : {
      "id" : 163,
      "name" : "New Zealand"
    },
    "positions" : [ {
      "position_id" : 1,
      "position" : "Goalkeeper",
      "from" : "00:00:00.000",
      "to" : null,
      "from_period" : 1,
      "to_period" : null,
      "start_reason" : "Starting XI",
      "end_reason" : "Final Whistle"
    } ],
    "stats" : {
      "own_goals" : 0,
      "goals" : 0,
      "assists" : 0,
      "penalties_scored" : 0,
      "penalties_missed" : 0,
      "penalties_saved" : 0
    }
  } ],
  "formations" : [ {
    "period" : 1,
    "timestamp" : "00:00:00.000",
    "reason" : "Starting XI",
    "formation" : 4231
  } ],
  "events" : [ {
    "period" : 1,
    "timestamp" : "00:00:00.000",
    "type" : "Half Start"
  }, {
    "player_id" : 31532,
    "player_name" : "Kirsty Hanson",
    "period" : 1,
    "timestamp" : "00:30:09.655",
    "type" : "Shot",
    "outcome" : "Goal"
  }, {
    "period" : 1,
    "timestamp" : "00:48:02.013",
    "type" : "Half End"
  }, {
    "period" : 2,
    "timestamp" : "00:45:00.000",
    "type" : "Half Start"
  }, {
    "period" : 2,
    "timestamp" : "01:33:04.233",
    "type" : "Half End"
  } ]
} ]