[ {
  "team_id" : 746,
  "team_name" : "Manchester City WFC",
  "lineup" : [ {
    "player_id" : 4637,
    "player_name" : "Ellie Roebuck",
    "player_nickname" : null,
    "birth_date" : "1999-09-23",
    "player_gender" : "female",
    "player_height" : 174.0,
    "player_weight" : 58.0,
    "jersey_number" : 1,
    "country" : {
      "id" : 68,
      "name" : "England"
    },
    "positions" : [ {
      "position_id" : 1,
      "position" : "Goalkeeper",
      "from" : "00:00:00.000",
      "to" : null,
      "from_period" : 1,
      "to_period" : null,
      "start_reason" : "Starting XI",
      "end_reason" : "Final Whistle"
    } ],
    "stats" : {
      "own_goals" : 0,
      "goals" : 0,
      "assists" : 0,
      "penalties_scored" : 0,
      "penalties_missed" : 0,
      "penalties_saved" : 0
    }
  }, {
    "player_id" : 4649,
    "player_name" : "Esme Beth Morgan",
    "player_nickname" : "Esme Morgan",
    "birth_date" : "2000-10-18",
    "player_gender" : "female",
    "player_height" : 177.0,
    "player_weight" : 60.0,
    "jersey_number" : 14,
    "country" : {
      "id" : 68,
      "name" : "England"
    },
    "positions" : [ {
      "position_id" : 6,
      "position" : "Left Back",
      "from" : "00:00:00.000",
      "to" : "01:22:28.601",
      "from_period" : 1,
      "to_period" : 2,
      "start_reason" : "Starting XI",
      "end_reason" : "Tactical Shift"
    }, {
      "position_id" : 5,
      "position" : "Left Center Back",
      "from" : "01:22:28.601",
      "to" : null,
      "from_period" : 2,
      "to_period" : null,
      "start_reason" : "Tactical Shift",
      "end_reason" : "Final Whistle"
    } ],
    "stats" : {
      "own_goals" : 0,
      "goals" : 0,
      "assists" : 0,
      "penalties_scored" : 0,
      "penalties_missed" : 0,
      "penalties_saved" : 0
    }
  }, {
    "player_id" : 4651,
    "player_name" : "Demi Stokes",
    "player_nickname" : null,
    "birth_date" : "1991-12-12",
    "player_gender" : "female",
    "player_height" : 162.0,
    "player_weight" : 50.0,
    "jersey_number" : 3,
    "country" : {
      "id" : 68,
      "name" : "England"
    },
    "positions" : [ ],
    "stats" : [ ]
  }, {
    "player_id" : 6818,
    "player_name" : "Hayley Emma Raso",
    "player_nickname" : null,
    "birth_date" : "1994-09-05",
    "player_gender" : "female",
    "player_height" : 161.0,
    "player_weight" : 60.0,
    "jersey_number" : 13,
    "country" : {
      "id" : 14,
      "name" : "Australia"
    },
    "positions" : [ {
      "position_id" : 17,
      "position" : "Right Wing",
      "from" : "01:12:19.247",
      "to" : null,
      "from_period" : 2,
      "to_period" : null,
      "start_reason" : "Substitution - On (Tactical)",
      "end_reason" : "Final Whistle",
      "counterpart_id" : 15570,
      "counterpart_name" : "Chloe Kelly"
    } ],
    "stats" : {
      "own_goals" : 0,
      "goals" : 0,
      "assists" : 0,
      "penalties_scored" : 0,
      "penalties_missed" : 0,
      "penalties_saved" : 0
    }
  }, {
    "player_id" : 10158,
    "player_name" : "María Victoria Losada Gómez",
    "player_nickname" : "Vicky Losada",
    "birth_date" : "1991-03-05",
    "player_gender" : "female",
    "player_height" : 168.0,
    "player_weight" : 61.0,
    "jersey_number" : 17,
    "country" : {
      "id" : 214,
      "name" : "Spain"
    },
    "positions" : [ ],
    "stats" : [ ]
  }, {
    "player_id" : 10163,
    "player_name" : "Leila Ouahabi El Ouahabi",
    "player_nickname" : "Leila Ouahabi",
    "birth_date" : "1993-03-22",
    "player_gender" : "female",
    "player_height" : 171.0,
    "player_weight" : 58.0,
    "jersey_number" : 15,
    "country" : {
      "id" : 214,
      "name" : "Spain"
    },
    "positions" : [ {
      "position_id" : 3,
      "position" : "Right Center Back",
      "from" : "01:19:16.285",
      "to" : "01:22:28.601",
      "from_period" : 2,
      "to_period" : 2,
      "start_reason" : "Substitution - On (Tactical)",
      "end_reason" : "Tactical Shift",
      "counterpart_id" : 32210,
      "counterpart_name" : "Laia Aleixandri López"
    }, {
      "position_id" : 6,
      "position" : "Left Back",
      "from" : "01:22:28.601",
      "to" : null,
      "from_period" : 2,
      "to_period" : null,
      "start_reason" : "Tactical Shift",
      "end_reason" : "Final Whistle"
    } ],
    "stats" : {
      "own_goals" : 0,
      "goals" : 0,
      "assists" : 0,
      "penalties_scored" : 0,
      "penalties_missed" : 0,
      "penalties_saved" : 0
    }
  }, {
    "player_id" : 10185,
    "player_name" : "Stephanie Houghton",
    "player_nickname" : null,
    "birth_date" : "1988-04-23",
    "player_gender" : "female",
    "player_height" : 174.0,
    "player_weight" : 60.0,
    "jersey_number" : 6,
    "country" : {
      "id" : 68,
      "name" : "England"
    },
    "positions" : [ {
      "position_id" : 5,
      "position" : "Left Center Back",
      "from" : "01:21:27.701",
      "to" : "01:22:28.601",
      "from_period" : 2,
      "to_period" : 2,
      "start_reason" : "Substitution - On (Tactical)",
      "end_reason" : "Tactical Shift",
      "counterpart_id" : 10252,
      "counterpart_name" : "Alex Greenwood"
    }, {
      "position_id" : 3,
      "position" : "Right Center Back",
      "from" : "01:22:28.601",
      "to" : null,
      "from_period" : 2,
      "to_period" : null,
      "start_reason" : "Tactical Shift",
      "end_reason" : "Final Whistle"
    } ],
    "stats" : {
      "own_goals" : 0,
      "goals" : 0,
      "assists" : 0,
      "penalties_scored" : 0,
      "penalties_missed" : 0,
      "penalties_saved" : 0
    }
  }, {
    "player_id" : 10252,
    "player_name" : "Alex Greenwood",
    "player_nickname" : null,
    "birth_date" : "1993-09-07",
    "player_gender" : "female",
    "player_height" : 168.0,
    "player_weight" : 62.0,
    "jersey_number" : 5,
    "country" : {
      "id" : 68,
      "name" : "England"
    },
    "positions" : [ {
      "position_id" : 5,
      "position" : "Left Center Back",
      "from" : "00:00:00.000",
      "to" : "01:21:27.701",
      "from_period" : 1,
      "to_period" : 2,
      "start_reason" : "Starting XI",
      "end_reason" : "Substitution - Off (Tactical)",
      "counterpart_id" : 10185,
      "counterpart_name" : "Stephanie Houghton"
    } ],
    "stats" : {
      "own_goals" : 0,
      "goals" : 0,
      "assists" : 0,
      "penalties_scored" : 0,
      "penalties_missed" : 1,
      "penalties_saved" : 0
    }
  }, {
    "player_id" : 15555,
    "player_name" : "Lauren Hemp",
    "player_nickname" : null,
    "birth_date" : "2000-08-07",
    "player_gender" : "female",
    "player_height" : 163.0,
    "player_weight" : 50.0,
    "jersey_number" : 11,
    "country" : {
      "id" : 68,
      "name" : "England"
    },
    "positions" : [ {
      "position_id" : 21,
      "position" : "Left Wing",
      "from" : "00:00:00.000",
      "to" : "01:21:09.996",
      "from_period" : 1,
      "to_period" : 2,
      "start_reason" : "Starting XI",
      "end_reason" : "Substitution - Off (Tactical)",
      "counterpart_id" : 191851,
      "counterpart_name" : "Julie Blakstad"
    } ],
    "stats" : {
      "own_goals" : 0,
      "goals" : 1,
      "assists" : 1,
      "penalties_scored" : 0,
      "penalties_missed" : 0,
      "penalties_saved" : 0
    }
  }, {
    "player_id" : 15570,
    "player_name" : "Chloe Kelly",
    "player_nickname" : null,
    "birth_date" : "1998-01-15",
    "player_gender" : "female",
    "player_height" : 168.0,
    "player_weight" : 59.0,
    "jersey_number" : 9,
    "country" : {
      "id" : 68,
      "name" : "England"
    },
    "positions" : [ {
      "position_id" : 17,
      "position" : "Right Wing",
      "from" : "00:00:00.000",
      "to" : "01:12:19.247",
      "from_period" : 1,
      "to_period" : 2,
      "start_reason" : "Starting XI",
      "end_reason" : "Substitution - Off (Tactical)",
      "counterpart_id" : 6818,
      "counterpart_name" : "Hayley Emma Raso"
    } ],
    "stats" : {
      "own_goals" : 0,
      "goals" : 0,
      "assists" : 1,
      "penalties_scored" : 0,
      "penalties_missed" : 0,
      "penalties_saved" : 0
    }
  }, {
    "player_id" : 19416,
    "player_name" : "Laura Coombs",
    "player_nickname" : null,
    "birth_date" : "1991-01-29",
    "player_gender" : "female",
    "player_height" : 162.0,
    "player_weight" : null,
    "jersey_number" : 7,
    "country" : {
      "id" : 68,
      "name" : "England"
    },
    "positions" : [ {
      "position_id" : 15,
      "position" : "Left Center Midfield",
      "from" : "00:00:00.000",
      "to" : null,
      "from_period" : 1,
      "to_period" : null,
      "start_reason" : "Starting XI",
      "end_reason" : "Final Whistle"
    } ],
    "stats" : {
      "own_goals" : 0,
      "goals" : 0,
      "assists" : 0,
      "penalties_scored" : 0,
      "penalties_missed" : 0,
      "penalties_saved" : 0
    }
  }, {
    "player_id" : 25554,
    "player_name" : "Khadija Monifa Shaw",
    "player_nickname" : null,
    "birth_date" : "1997-01-31",
    "player_gender" : "female",
    "player_height" : 182.0,
    "player_weight" : null,
    "jersey_number" : 21,
    "country" : {
      "id" : 113,
      "name" : "Jamaica"
    },
    "positions" : [ {
      "position_id" : 23,
      "position" : "Center Forward",
      "from" : "00:00:00.000",
      "to" : null,
      "from_period" : 1,
      "to_period" : null,
      "start_reason" : "Starting XI",
      "end_reason" : "Final Whistle"
    } ],
    "stats" : {
      "own_goals" : 0,
      "goals" : 2,
      "assists" : 0,
      "penalties_scored" : 0,
      "penalties_missed" : 0,
      "penalties_saved" : 0
    }
  }, {
    "player_id" : 25632,
    "player_name" : "Yui Hasegawa",
    "player_nickname" : null,
    "birth_date" : "1997-01-29",
    "player_gender" : "female",
    "player_height" : 154.0,
    "player_weight" : null,
    "jersey_number" : 25,
    "country" : {
      "id" : 114,
      "name" : "Japan"
    },
    "positions" : [ {
      "position_id" : 10,
      "position" : "Center Defensive Midfield",
      "from" : "00:00:00.000",
      "to" : null,
      "from_period" : 1,
      "to_period" : null,
      "start_reason" : "Starting XI",
      "end_reason" : "Final Whistle"
    } ],
    "stats" : {
      "own_goals" : 0,
      "goals" : 1,
      "assists" : 0,
      "penalties_scored" : 0,
      "penalties_missed" : 0,
      "penalties_saved" : 0
    }
  }, {
    "player_id" : 32210,
    "player_name" : "Laia Aleixandri López",
    "player_nickname" : "Laia Aleixandri",
    "birth_date" : "2000-08-25",
    "player_gender" : "female",
    "player_height" : 170.0,
    "player_weight" : 55.0,
    "jersey_number" : 4,
    "country" : {
      "id" : 214,
      "name" : "Spain"
    },
    "positions" : [ {
      "position_id" : 3,
      "position" : "Right Center Back",
      "from" : "00:00:00.000",
      "to" : "01:19:16.285",
      "from_period" : 1,
      "to_period" : 2,
      "start_reason" : "Starting XI",
      "end_reason" : "Substitution - Off (Tactical)",
      "counterpart_id" : 10163,
      "counterpart_name" : "Leila Ouahabi El Ouahabi"
    } ],
    "stats" : {
      "own_goals" : 0,
      "goals" : 0,
      "assists" : 0,
      "penalties_scored" : 0,
      "penalties_missed" : 0,
      "penalties_saved" : 0
    }
  }, {
    "player_id" : 34360,
    "player_name" : "Alexandra MacIver",
    "player_nickname" : null,
    "birth_date" : "1998-06-18",
    "player_gender" : "female",
    "player_height" : 176.0,
    "player_weight" : null,
    "jersey_number" : 22,
    "country" : {
      "id" : 68,
      "name" : "England"
    },
    "positions" : [ ],
    "stats" : [ ]
  }, {
    "player_id" : 35693,
    "player_name" : "Mary Boio Fowler",
    "player_nickname" : null,
    "birth_date" : "2003-02-14",
    "player_gender" : "female",
    "player_height" : 171.0,
    "player_weight" : 66.0,
    "jersey_number" : 8,
    "country" : {
      "id" : 14,
      "name" : "Australia"
    },
    "positions" : [ ],
    "stats" : [ ]
  }, {
    "player_id" : 49938,
    "player_name" : "Deyna Cristina Castellanos Naujenis",
    "player_nickname" : null,
    "birth_date" : "1999-04-18",
    "player_gender" : "female",
    "player_height" : 170.0,
    "player_weight" : 58.0,
    "jersey_number" : 10,
    "country" : {
      "id" : 246,
      "name" : "Venezuela (Bolivarian Republic)"
    },
    "positions" : [ {
      "position_id" : 13,
      "position" : "Right Center Midfield",
      "from" : "00:00:00.000",
      "to" : "01:18:49.347",
      "from_period" : 1,
      "to_period" : 2,
      "start_reason" : "Starting XI",
      "end_reason" : "Substitution - Off (Tactical)",
      "counterpart_id" : 62666,
      "counterpart_name" : "Ingrid Filippa Angeldal"
    } ],
    "stats" : {
      "own_goals" : 0,
      "goals" : 0,
      "assists" : 0,
      "penalties_scored" : 0,
      "penalties_missed" : 0,
      "penalties_saved" : 0
    }
  }, {
    "player_id" : 62666,
    "player_name" : "Ingrid Filippa Angeldal",
    "player_nickname" : null,
    "birth_date" : "1997-07-14",
    "player_gender" : "female",
    "player_height" : 170.0,
    "player_weight" : 69.0,
    "jersey_number" : 12,
    "country" : {
      "id" : 220,
      "name" : "Sweden"
    },
    "positions" : [ {
      "position_id" : 13,
      "position" : "Right Center Midfield",
      "from" : "01:18:49.347",
      "to" : null,
      "from_period" : 2,
      "to_period" : null,
      "start_reason" : "Substitution - On (Tactical)",
      "end_reason" : "Final Whistle",
      "counterpart_id" : 49938,
      "counterpart_name" : "Deyna Cristina Castellanos Naujenis"
    } ],
    "stats" : {
      "own_goals" : 0,
      "goals" : 0,
      "assists" : 0,
      "penalties_scored" : 0,
      "penalties_missed" : 0,
      "penalties_saved" : 0
    }
  }, {
    "player_id" : 191851,
    "player_name" : "Julie Blakstad",
    "player_nickname" : null,
    "birth_date" : "2001-08-27",
    "player_gender" : "female",
    "player_height" : 177.0,
    "player_weight" : null,
    "jersey_number" : 41,
    "country" : {
      "id" : 171,
      "name" : "Norway"
    },
    "positions" : [ {
      "position_id" : 21,
      "position" : "Left Wing",
      "from" : "01:21:09.996",
      "to" : null,
      "from_period" : 2,
      "to_period" : null,
      "start_reason" : "Substitution - On (Tactical)",
      "end_reason" : "Final Whistle",
      "counterpart_id" : 15555,
      "counterpart_name" : "Lauren Hemp"
    } ],
    "stats" : {
      "own_goals" : 0,
      "goals" : 0,
      "assists" : 0,
      "penalties_scored" : 0,
      "penalties_missed" : 0,
      "penalties_saved" : 0
    }
  }, {
    "player_id" : 221888,
    "player_name" : "Kerstin Yasmijn Casparij",
    "player_nickname" : null,
    "birth_date" : "2000-08-19",
    "player_gender" : "female",
    "player_height" : null,
    "player_weight" : null,
    "jersey_number" : 2,
    "country" : {
      "id" : 160,
      "name" : "Netherlands"
    },
    "positions" : [ {
      "position_id" : 2,
      "position" : "Right Back",
      "from" : "00:00:00.000",
      "to" : null,
      "from_period" : 1,
      "to_period" : null,
      "start_reason" : "Starting XI",
      "end_reason" : "Final Whistle"
    } ],
    "stats" : {
      "own_goals" : 0,
      "goals" : 0,
      "assists" : 1,
      "penalties_scored" : 0,
      "penalties_missed" : 0,
      "penalties_saved" : 0
    }
  } ],
  "formations" : [ {
    "period" : 1,
    "timestamp" : "00:00:00.000",
    "reason" : "Starting XI",
    "formation" : 433
  } ],
  "events" : [ {
    "period" : 1,
    "timestamp" : "00:00:00.000",
    "type" : "Half Start"
  }, {
    "player_id" : 15555,
    "player_name" : "Lauren Hemp",
    "period" : 1,
    "timestamp" : "00:23:06.672",
    "type" : "High Pass",
    "outcome" : "Assist"
  }, {
    "player_id" : 25554,
    "player_name" : "Khadija Monifa Shaw",
    "period" : 1,
    "timestamp" : "00:23:08.386",
    "type" : "Shot",
    "outcome" : "Goal"
  }, {
    "player_id" : 10252,
    "player_name" : "Alex Greenwood",
    "period" : 1,
    "timestamp" : "00:40:59.885",
    "type" : "Foul Committed",
    "outcome" : "Yellow Card"
  }, {
    "period" : 1,
    "timestamp" : "00:50:02.735",
    "type" : "Half End"
  }, {
    "period" : 2,
    "timestamp" : "00:45:00.000",
    "type" : "Half Start"
  }, {
    "player_id" : 15570,
    "player_name" : "Chloe Kelly",
    "period" : 2,
    "timestamp" : "01:11:12.028",
    "type" : "High Pass",
    "outcome" : "Assist"
  }, {
    "player_id" : 15555,
    "player_name" : "Lauren Hemp",
    "period" : 2,
    "timestamp" : "01:11:13.877",
    "type" : "Shot",
    "outcome" : "Goal"
  }, {
    "player_id" : 10252,
    "player_name" : "Alex Greenwood",
    "period" : 2,
    "timestamp" : "01:17:59.390",
    "type" : "Penalty",
    "outcome" : "Saved"
  }, {
    "player_id" : 25554,
    "player_name" : "Khadija Monifa Shaw",
    "period" : 2,
    "timestamp" : "01:18:01.406",
    "type" : "Shot",
    "outcome" : "Goal"
  }, {
    "player_id" : 221888,
    "player_name" : "Kerstin Yasmijn Casparij",
    "period" : 2,
    "timestamp" : "01:27:03.314",
    "type" : "Ground Pass",
    "outcome" : "Assist"
  }, {
    "player_id" : 25632,
    "player_name" : "Yui Hasegawa",
    "period" : 2,
    "timestamp" : "01:27:05.540",
    "type" : "Shot",
    "outcome" : "Goal"
  }, {
    "period" : 2,
    "timestamp" : "01:34:05.382",
    "type" : "Half End"
  } ]
}, {
  "team_id" : 2652,
  "team_name" : "Leicester City WFC",
  "lineup" : [ {
    "player_id" : 4648,
    "player_name" : "Abbie McManus",
    "player_nickname" : null,
    "birth_date" : "1993-01-14",
    "player_gender" : "female",
    "player_height" : 171.0,
    "player_weight" : 68.0,
    "jersey_number" : 5,
    "country" : {
      "id" : 68,
      "name" : "England"
    },
    "positions" : [ ],
    "stats" : [ ]
  }, {
    "player_id" : 4865,
    "player_name" : "Josie Green",
    "player_nickname" : null,
    "birth_date" : "1993-04-25",
    "player_gender" : "female",
    "player_height" : null,
    "player_weight" : null,
    "jersey_number" : 14,
    "country" : {
      "id" : 249,
      "name" : "Wales"
    },
    "positions" : [ {
      "position_id" : 11,
      "position" : "Left Defensive Midfield",
      "from" : "00:00:00.000",
      "to" : "01:05:02.930",
      "from_period" : 1,
      "to_period" : 2,
      "start_reason" : "Starting XI",
      "end_reason" : "Player Off (Off Camera)"
    }, {
      "position_id" : 11,
      "position" : "Left Defensive Midfield",
      "from" : "01:05:23.123",
      "to" : "01:08:52.187",
      "from_period" : 2,
      "to_period" : 2,
      "start_reason" : "Player On (Off Camera)",
      "end_reason" : "Substitution - Off (Tactical)",
      "counterpart_id" : 135758,
      "counterpart_name" : "Natasha Jane Flint"
    } ],
    "stats" : {
      "own_goals" : 0,
      "goals" : 0,
      "assists" : 0,
      "penalties_scored" : 0,
      "penalties_missed" : 0,
      "penalties_saved" : 0
    }
  }, {
    "player_id" : 15576,
    "player_name" : "Kirstie Levell",
    "player_nickname" : null,
    "birth_date" : "1997-01-07",
    "player_gender" : "female",
    "player_height" : 170.0,
    "player_weight" : null,
    "jersey_number" : 28,
    "country" : {
      "id" : 68,
      "name" : "England"
    },
    "positions" : [ {
      "position_id" : 1,
      "position" : "Goalkeeper",
      "from" : "00:00:00.000",
      "to" : null,
      "from_period" : 1,
      "to_period" : null,
      "start_reason" : "Starting XI",
      "end_reason" : "Final Whistle"
    } ],
    "stats" : {
      "own_goals" : 0,
      "goals" : 0,
      "assists" : 0,
      "penalties_scored" : 0,
      "penalties_missed" : 0,
      "penalties_saved" : 1
    }
  }, {
    "player_id" : 15720,
    "player_name" : "Sophie Howard",
    "player_nickname" : null,
    "birth_date" : "1993-09-17",
    "player_gender" : "female",
    "player_height" : 175.0,
    "player_weight" : 59.0,
    "jersey_number" : 15,
    "country" : {
      "id" : 201,
      "name" : "Scotland"
    },
    "positions" : [ {
      "position_id" : 3,
      "position" : "Right Center Back",
      "from" : "00:00:00.000",
      "to" : null,
      "from_period" : 1,
      "to_period" : null,
      "start_reason" : "Starting XI",
      "end_reason" : "Final Whistle"
    } ],
    "stats" : {
      "own_goals" : 0,
      "goals" : 0,
      "assists" : 0,
      "penalties_scored" : 0,
      "penalties_missed" : 0,
      "penalties_saved" : 0
    }
  }, {
    "player_id" : 16374,
    "player_name" : "Aileen Whelan",
    "player_nickname" : null,
    "birth_date" : "1991-08-11",
    "player_gender" : "female",
    "player_height" : null,
    "player_weight" : null,
    "jersey_number" : 10,
    "country" : {
      "id" : 68,
      "name" : "England"
    },
    "positions" : [ {
      "position_id" : 19,
      "position" : "Center Attacking Midfield",
      "from" : "00:00:00.000",
      "to" : null,
      "from_period" : 1,
      "to_period" : null,
      "start_reason" : "Starting XI",
      "end_reason" : "Final Whistle"
    } ],
    "stats" : {
      "own_goals" : 0,
      "goals" : 0,
      "assists" : 0,
      "penalties_scored" : 0,
      "penalties_missed" : 0,
      "penalties_saved" : 0
    }
  }, {
    "player_id" : 18155,
    "player_name" : "Erin Simon",
    "player_nickname" : null,
    "birth_date" : "1994-08-19",
    "player_gender" : "female",
    "player_height" : 165.0,
    "player_weight" : 55.0,
    "jersey_number" : 13,
    "country" : {
      "id" : 241,
      "name" : "United States of America"
    },
    "positions" : [ {
      "position_id" : 2,
      "position" : "Right Back",
      "from" : "00:00:00.000",
      "to" : null,
      "from_period" : 1,
      "to_period" : null,
      "start_reason" : "Starting XI",
      "end_reason" : "Final Whistle"
    } ],
    "stats" : {
      "own_goals" : 0,
      "goals" : 0,
      "assists" : 0,
      "penalties_scored" : 0,
      "penalties_missed" : 0,
      "penalties_saved" : 0
    }
  }, {
    "player_id" : 21556,
    "player_name" : "Connie Scofield",
    "player_nickname" : null,
    "birth_date" : "1999-05-26",
    "player_gender" : "female",
    "player_height" : 163.0,
    "player_weight" : null,
    "jersey_number" : 44,
    "country" : {
      "id" : 68,
      "name" : "England"
    },
    "positions" : [ ],
    "stats" : [ ]
  }, {
    "player_id" : 24239,
    "player_name" : "Jemma Elizabeth Purfield",
    "player_nickname" : null,
    "birth_date" : "1997-02-21",
    "player_gender" : "female",
    "player_height" : 165.0,
    "player_weight" : null,
    "jersey_number" : 23,
    "country" : {
      "id" : 68,
      "name" : "England"
    },
    "positions" : [ {
      "position_id" : 16,
      "position" : "Left Midfield",
      "from" : "00:00:00.000",
      "to" : "00:56:05.603",
      "from_period" : 1,
      "to_period" : 2,
      "start_reason" : "Starting XI",
      "end_reason" : "Substitution - Off (Tactical)",
      "counterpart_id" : 31564,
      "counterpart_name" : "Molly Pike"
    } ],
    "stats" : {
      "own_goals" : 0,
      "goals" : 0,
      "assists" : 0,
      "penalties_scored" : 0,
      "penalties_missed" : 0,
      "penalties_saved" : 0
    }
  }, {
    "player_id" : 25662,
    "player_name" : "Catherine Joan Bott",
    "player_nickname" : null,
    "birth_date" : "1995-04-22",
    "player_gender" : "female",
    "player_height" : 165.0,
    "player_weight" : 55.0,
    "jersey_number" : 4,
    "country" : {
      "id" : 163,
      "name" : "New Zealand"
    },
    "positions" : [ {
      "position_id" : 6,
      "position" : "Left Back",
      "from" : "00:00:00.000",
      "to" : null,
      "from_period" : 1,
      "to_period" : null,
      "start_reason" : "Starting XI",
      "end_reason" : "Final Whistle"
    } ],
    "stats" : {
      "own_goals" : 0,
      "goals" : 0,
      "assists" : 0,
      "penalties_scored" : 0,
      "penalties_missed" : 0,
      "penalties_saved" : 0
    }
  }, {
    "player_id" : 31564,
    "player_name" : "Molly Pike",
    "player_nickname" : null,
    "birth_date" : "2001-01-22",
    "player_gender" : "female",
    "player_height" : null,
    "player_weight" : null,
    "jersey_number" : 8,
    "country" : {
      "id" : 68,
      "name" : "England"
    },
    "positions" : [ {
      "position_id" : 16,
      "position" : "Left Midfield",
      "from" : "00:56:05.603",
      "to" : "01:09:09.885",
      "from_period" : 2,
      "to_period" : 2,
      "start_reason" : "Substitution - On (Tactical)",
      "end_reason" : "Tactical Shift",
      "counterpart_id" : 24239,
      "counterpart_name" : "Jemma Elizabeth Purfield"
    }, {
      "position_id" : 11,
      "position" : "Left Defensive Midfield",
      "from" : "01:09:09.885",
      "to" : null,
      "from_period" : 2,
      "to_period" : null,
      "start_reason" : "Tactical Shift",
      "end_reason" : "Final Whistle"
    } ],
    "stats" : {
      "own_goals" : 0,
      "goals" : 0,
      "assists" : 0,
      "penalties_scored" : 0,
      "penalties_missed" : 0,
      "penalties_saved" : 0
    }
  }, {
    "player_id" : 46739,
    "player_name" : "Ellen Jones",
    "player_nickname" : null,
    "birth_date" : "2002-11-10",
    "player_gender" : "female",
    "player_height" : null,
    "player_weight" : null,
    "jersey_number" : 12,
    "country" : {
      "id" : 68,
      "name" : "England"
    },
    "positions" : [ ],
    "stats" : [ ]
  }, {
    "player_id" : 84765,
    "player_name" : "Carrie Jones",
    "player_nickname" : null,
    "birth_date" : "2003-09-04",
    "player_gender" : "female",
    "player_height" : null,
    "player_weight" : null,
    "jersey_number" : 16,
    "country" : {
      "id" : 249,
      "name" : "Wales"
    },
    "positions" : [ {
      "position_id" : 12,
      "position" : "Right Midfield",
      "from" : "00:00:00.000",
      "to" : "00:56:11.709",
      "from_period" : 1,
      "to_period" : 2,
      "start_reason" : "Starting XI",
      "end_reason" : "Substitution - Off (Tactical)",
      "counterpart_id" : 112522,
      "counterpart_name" : "Missy Goodwin"
    } ],
    "stats" : {
      "own_goals" : 0,
      "goals" : 0,
      "assists" : 0,
      "penalties_scored" : 0,
      "penalties_missed" : 0,
      "penalties_saved" : 0
    }
  }, {
    "player_id" : 112522,
    "player_name" : "Missy Goodwin",
    "player_nickname" : null,
    "birth_date" : "2003-01-27",
    "player_gender" : "female",
    "player_height" : 0.0,
    "player_weight" : 0.0,
    "jersey_number" : 20,
    "country" : {
      "id" : 68,
      "name" : "England"
    },
    "positions" : [ {
      "position_id" : 12,
      "position" : "Right Midfield",
      "from" : "00:56:11.709",
      "to" : null,
      "from_period" : 2,
      "to_period" : null,
      "start_reason" : "Substitution - On (Tactical)",
      "end_reason" : "Final Whistle",
      "counterpart_id" : 84765,
      "counterpart_name" : "Carrie Jones"
    } ],
    "stats" : {
      "own_goals" : 0,
      "goals" : 0,
      "assists" : 0,
      "penalties_scored" : 0,
      "penalties_missed" : 0,
      "penalties_saved" : 0
    }
  }, {
    "player_id" : 135753,
    "player_name" : "Samantha Tierney",
    "player_nickname" : null,
    "birth_date" : "1998-10-08",
    "player_gender" : "female",
    "player_height" : null,
    "player_weight" : null,
    "jersey_number" : 3,
    "country" : {
      "id" : 68,
      "name" : "England"
    },
    "positions" : [ {
      "position_id" : 9,
      "position" : "Right Defensive Midfield",
      "from" : "00:00:00.000",
      "to" : null,
      "from_period" : 1,
      "to_period" : null,
      "start_reason" : "Starting XI",
      "end_reason" : "Final Whistle"
    } ],
    "stats" : {
      "own_goals" : 0,
      "goals" : 0,
      "assists" : 0,
      "penalties_scored" : 0,
      "penalties_missed" : 0,
      "penalties_saved" : 0
    }
  }, {
    "player_id" : 135755,
    "player_name" : "Ashleigh Plumptre",
    "player_nickname" : null,
    "birth_date" : "1998-05-08",
    "player_gender" : "female",
    "player_height" : 180.0,
    "player_weight" : null,
    "jersey_number" : 22,
    "country" : {
      "id" : 166,
      "name" : "Nigeria"
    },
    "positions" : [ {
      "position_id" : 5,
      "position" : "Left Center Back",
      "from" : "00:00:00.000",
      "to" : null,
      "from_period" : 1,
      "to_period" : null,
      "start_reason" : "Starting XI",
      "end_reason" : "Final Whistle"
    } ],
    "stats" : {
      "own_goals" : 0,
      "goals" : 0,
      "assists" : 0,
      "penalties_scored" : 0,
      "penalties_missed" : 0,
      "penalties_saved" : 0
    }
  }, {
    "player_id" : 135758,
    "player_name" : "Natasha Jane Flint",
    "player_nickname" : null,
    "birth_date" : "1996-08-02",
    "player_gender" : "female",
    "player_height" : 174.0,
    "player_weight" : null,
    "jersey_number" : 7,
    "country" : {
      "id" : 68,
      "name" : "England"
    },
    "positions" : [ {
      "position_id" : 11,
      "position" : "Left Defensive Midfield",
      "from" : "01:08:52.187",
      "to" : "01:09:09.885",
      "from_period" : 2,
      "to_period" : 2,
      "start_reason" : "Substitution - On (Tactical)",
      "end_reason" : "Tactical Shift",
      "counterpart_id" : 4865,
      "counterpart_name" : "Josie Green"
    }, {
      "position_id" : 23,
      "position" : "Center Forward",
      "from" : "01:09:09.885",
      "to" : null,
      "from_period" : 2,
      "to_period" : null,
      "start_reason" : "Tactical Shift",
      "end_reason" : "Final Whistle"
    } ],
    "stats" : {
      "own_goals" : 0,
      "goals" : 0,
      "assists" : 0,
      "penalties_scored" : 0,
      "penalties_missed" : 0,
      "penalties_saved" : 0
    }
  }, {
    "player_id" : 135759,
    "player_name" : "Shannon O’Brien",
    "player_nickname" : null,
    "birth_date" : "2001-10-05",
    "player_gender" : "female",
    "player_height" : null,
    "player_weight" : null,
    "jersey_number" : 27,
    "country" : {
      "id" : 68,
      "name" : "England"
    },
    "positions" : [ {
      "position_id" : 23,
      "position" : "Center Forward",
      "from" : "00:00:00.000",
      "to" : "01:09:09.885",
      "from_period" : 1,
      "to_period" : 2,
      "start_reason" : "Starting XI",
      "end_reason" : "Tactical Shift"
    }, {
      "position_id" : 16,
      "position" : "Left Midfield",
      "from" : "01:09:09.885",
      "to" : null,
      "from_period" : 2,
      "to_period" : null,
      "start_reason" : "Tactical Shift",
      "end_reason" : "Final Whistle"
    } ],
    "stats" : {
      "own_goals" : 0,
      "goals" : 0,
      "assists" : 0,
      "penalties_scored" : 0,
      "penalties_missed" : 0,
      "penalties_saved" : 0
    }
  }, {
    "player_id" : 276299,
    "player_name" : "Demi Vance",
    "player_nickname" : null,
    "birth_date" : "1991-05-02",
    "player_gender" : "female",
    "player_height" : null,
    "player_weight" : null,
    "jersey_number" : 2,
    "country" : {
      "id" : 169,
      "name" : "Northern Ireland"
    },
    "positions" : [ ],
    "stats" : [ ]
  }, {
    "player_id" : 322143,
    "player_name" : "Sophia Poor",
    "player_nickname" : null,
    "birth_date" : null,
    "player_gender" : "female",
    "player_height" : null,
    "player_weight" : null,
    "jersey_number" : 35,
    "country" : {
      "id" : 68,
      "name" : "England"
    },
    "positions" : [ ],
    "stats" : [ ]
  } ],
  "formations" : [ {
    "period" : 1,
    "timestamp" : "00:00:00.000",
    "reason" : "Starting XI",
    "formation" : 4411
  } ],
  "events" : [ {
    "period" : 1,
    "timestamp" : "00:00:00.000",
    "type" : "Half Start"
  }, {
    "player_id" : 135759,
    "player_name" : "Shannon O’Brien",
    "period" : 1,
    "timestamp" : "00:38:00.677",
    "type" : "Foul Committed",
    "outcome" : "Yellow Card"
  }, {
    "period" : 1,
    "timestamp" : "00:50:02.735",
    "type" : "Half End"
  }, {
    "period" : 2,
    "timestamp" : "00:45:00.000",
    "type" : "Half Start"
  }, {
    "player_id" : 15576,
    "player_name" : "Kirstie Levell",
    "period" : 2,
    "timestamp" : "01:17:59.823",
    "type" : "Goal Keeper",
    "outcome" : "Penalty Saved"
  }, {
    "period" : 2,
    "timestamp" : "01:34:05.382",
    "type" : "Half End"
  } ]
} ]