[ {
  "team_id" : 746,
  "team_name" : "Manchester City WFC",
  "lineup" : [ {
    "player_id" : 4637,
    "player_name" : "Ellie Roebuck",
    "player_nickname" : null,
    "birth_date" : "1999-09-23",
    "player_gender" : "female",
    "player_height" : 174.0,
    "player_weight" : 58.0,
    "jersey_number" : 1,
    "country" : {
      "id" : 68,
      "name" : "England"
    },
    "positions" : [ {
      "position_id" : 1,
      "position" : "Goalkeeper",
      "from" : "00:00:00.000",
      "to" : null,
      "from_period" : 1,
      "to_period" : null,
      "start_reason" : "Starting XI",
      "end_reason" : "Final Whistle"
    } ],
    "stats" : {
      "own_goals" : 0,
      "goals" : 0,
      "assists" : 0,
      "penalties_scored" : 0,
      "penalties_missed" : 0,
      "penalties_saved" : 0
    }
  }, {
    "player_id" : 4649,
    "player_name" : "Esme Beth Morgan",
    "player_nickname" : "Esme Morgan",
    "birth_date" : "2000-10-18",
    "player_gender" : "female",
    "player_height" : 177.0,
    "player_weight" : 60.0,
    "jersey_number" : 14,
    "country" : {
      "id" : 68,
      "name" : "England"
    },
    "positions" : [ {
      "position_id" : 3,
      "position" : "Right Center Back",
      "from" : "01:23:54.997",
      "to" : null,
      "from_period" : 2,
      "to_period" : null,
      "start_reason" : "Substitution - On (Tactical)",
      "end_reason" : "Final Whistle",
      "counterpart_id" : 10185,
      "counterpart_name" : "Stephanie Houghton"
    } ],
    "stats" : {
      "own_goals" : 0,
      "goals" : 0,
      "assists" : 0,
      "penalties_scored" : 0,
      "penalties_missed" : 0,
      "penalties_saved" : 0
    }
  }, {
    "player_id" : 4651,
    "player_name" : "Demi Stokes",
    "player_nickname" : null,
    "birth_date" : "1991-12-12",
    "player_gender" : "female",
    "player_height" : 162.0,
    "player_weight" : 50.0,
    "jersey_number" : 3,
    "country" : {
      "id" : 68,
      "name" : "England"
    },
    "positions" : [ {
      "position_id" : 6,
      "position" : "Left Back",
      "from" : "01:28:03.276",
      "to" : null,
      "from_period" : 2,
      "to_period" : null,
      "start_reason" : "Substitution - On (Tactical)",
      "end_reason" : "Final Whistle",
      "counterpart_id" : 10163,
      "counterpart_name" : "Leila Ouahabi El Ouahabi"
    } ],
    "stats" : {
      "own_goals" : 0,
      "goals" : 0,
      "assists" : 0,
      "penalties_scored" : 0,
      "penalties_missed" : 0,
      "penalties_saved" : 0
    }
  }, {
    "player_id" : 10163,
    "player_name" : "Leila Ouahabi El Ouahabi",
    "player_nickname" : "Leila Ouahabi",
    "birth_date" : "1993-03-22",
    "player_gender" : "female",
    "player_height" : 171.0,
    "player_weight" : 58.0,
    "jersey_number" : 15,
    "country" : {
      "id" : 214,
      "name" : "Spain"
    },
    "positions" : [ {
      "position_id" : 6,
      "position" : "Left Back",
      "from" : "00:00:00.000",
      "to" : "01:28:03.276",
      "from_period" : 1,
      "to_period" : 2,
      "start_reason" : "Starting XI",
      "end_reason" : "Substitution - Off (Tactical)",
      "counterpart_id" : 4651,
      "counterpart_name" : "Demi Stokes"
    } ],
    "stats" : {
      "own_goals" : 0,
      "goals" : 0,
      "assists" : 0,
      "penalties_scored" : 0,
      "penalties_missed" : 0,
      "penalties_saved" : 0
    }
  }, {
    "player_id" : 10185,
    "player_name" : "Stephanie Houghton",
    "player_nickname" : null,
    "birth_date" : "1988-04-23",
    "player_gender" : "female",
    "player_height" : 174.0,
    "player_weight" : 60.0,
    "jersey_number" : 6,
    "country" : {
      "id" : 68,
      "name" : "England"
    },
    "positions" : [ {
      "position_id" : 3,
      "position" : "Right Center Back",
      "from" : "00:00:00.000",
      "to" : "01:23:54.997",
      "from_period" : 1,
      "to_period" : 2,
      "start_reason" : "Starting XI",
      "end_reason" : "Substitution - Off (Tactical)",
      "counterpart_id" : 4649,
      "counterpart_name" : "Esme Beth Morgan"
    } ],
    "stats" : {
      "own_goals" : 0,
      "goals" : 0,
      "assists" : 0,
      "penalties_scored" : 0,
      "penalties_missed" : 0,
      "penalties_saved" : 0
    }
  }, {
    "player_id" : 10252,
    "player_name" : "Alex Greenwood",
    "player_nickname" : null,
    "birth_date" : "1993-09-07",
    "player_gender" : "female",
    "player_height" : 168.0,
    "player_weight" : 62.0,
    "jersey_number" : 5,
    "country" : {
      "id" : 68,
      "name" : "England"
    },
    "positions" : [ {
      "position_id" : 5,
      "position" : "Left Center Back",
      "from" : "00:00:00.000",
      "to" : null,
      "from_period" : 1,
      "to_period" : null,
      "start_reason" : "Starting XI",
      "end_reason" : "Final Whistle"
    } ],
    "stats" : {
      "own_goals" : 0,
      "goals" : 0,
      "assists" : 0,
      "penalties_scored" : 0,
      "penalties_missed" : 0,
      "penalties_saved" : 0
    }
  }, {
    "player_id" : 15555,
    "player_name" : "Lauren Hemp",
    "player_nickname" : null,
    "birth_date" : "2000-08-07",
    "player_gender" : "female",
    "player_height" : 163.0,
    "player_weight" : 50.0,
    "jersey_number" : 11,
    "country" : {
      "id" : 68,
      "name" : "England"
    },
    "positions" : [ {
      "position_id" : 21,
      "position" : "Left Wing",
      "from" : "00:00:00.000",
      "to" : "01:23:29.250",
      "from_period" : 1,
      "to_period" : 2,
      "start_reason" : "Starting XI",
      "end_reason" : "Substitution - Off (Tactical)",
      "counterpart_id" : 191851,
      "counterpart_name" : "Julie Blakstad"
    } ],
    "stats" : {
      "own_goals" : 0,
      "goals" : 0,
      "assists" : 0,
      "penalties_scored" : 0,
      "penalties_missed" : 0,
      "penalties_saved" : 0
    }
  }, {
    "player_id" : 15570,
    "player_name" : "Chloe Kelly",
    "player_nickname" : null,
    "birth_date" : "1998-01-15",
    "player_gender" : "female",
    "player_height" : 168.0,
    "player_weight" : 59.0,
    "jersey_number" : 9,
    "country" : {
      "id" : 68,
      "name" : "England"
    },
    "positions" : [ {
      "position_id" : 17,
      "position" : "Right Wing",
      "from" : "00:00:00.000",
      "to" : "01:29:15.016",
      "from_period" : 1,
      "to_period" : 2,
      "start_reason" : "Starting XI",
      "end_reason" : "Tactical Shift"
    }, {
      "position_id" : 21,
      "position" : "Left Wing",
      "from" : "01:29:15.016",
      "to" : null,
      "from_period" : 2,
      "to_period" : null,
      "start_reason" : "Tactical Shift",
      "end_reason" : "Final Whistle"
    } ],
    "stats" : {
      "own_goals" : 0,
      "goals" : 0,
      "assists" : 0,
      "penalties_scored" : 0,
      "penalties_missed" : 0,
      "penalties_saved" : 0
    }
  }, {
    "player_id" : 19416,
    "player_name" : "Laura Coombs",
    "player_nickname" : null,
    "birth_date" : "1991-01-29",
    "player_gender" : "female",
    "player_height" : 162.0,
    "player_weight" : null,
    "jersey_number" : 7,
    "country" : {
      "id" : 68,
      "name" : "England"
    },
    "positions" : [ {
      "position_id" : 15,
      "position" : "Left Center Midfield",
      "from" : "00:00:00.000",
      "to" : "01:23:38.956",
      "from_period" : 1,
      "to_period" : 2,
      "start_reason" : "Starting XI",
      "end_reason" : "Substitution - Off (Tactical)",
      "counterpart_id" : 49938,
      "counterpart_name" : "Deyna Cristina Castellanos Naujenis"
    } ],
    "stats" : {
      "own_goals" : 0,
      "goals" : 0,
      "assists" : 0,
      "penalties_scored" : 0,
      "penalties_missed" : 0,
      "penalties_saved" : 0
    }
  }, {
    "player_id" : 25554,
    "player_name" : "Khadija Monifa Shaw",
    "player_nickname" : null,
    "birth_date" : "1997-01-31",
    "player_gender" : "female",
    "player_height" : 182.0,
    "player_weight" : null,
    "jersey_number" : 21,
    "country" : {
      "id" : 113,
      "name" : "Jamaica"
    },
    "positions" : [ {
      "position_id" : 23,
      "position" : "Center Forward",
      "from" : "00:00:00.000",
      "to" : "01:28:26.283",
      "from_period" : 1,
      "to_period" : 2,
      "start_reason" : "Starting XI",
      "end_reason" : "Substitution - Off (Tactical)",
      "counterpart_id" : 35693,
      "counterpart_name" : "Mary Boio Fowler"
    } ],
    "stats" : {
      "own_goals" : 0,
      "goals" : 3,
      "assists" : 0,
      "penalties_scored" : 1,
      "penalties_missed" : 0,
      "penalties_saved" : 0
    }
  }, {
    "player_id" : 25632,
    "player_name" : "Yui Hasegawa",
    "player_nickname" : null,
    "birth_date" : "1997-01-29",
    "player_gender" : "female",
    "player_height" : 154.0,
    "player_weight" : null,
    "jersey_number" : 25,
    "country" : {
      "id" : 114,
      "name" : "Japan"
    },
    "positions" : [ {
      "position_id" : 10,
      "position" : "Center Defensive Midfield",
      "from" : "00:00:00.000",
      "to" : null,
      "from_period" : 1,
      "to_period" : null,
      "start_reason" : "Starting XI",
      "end_reason" : "Final Whistle"
    } ],
    "stats" : {
      "own_goals" : 0,
      "goals" : 0,
      "assists" : 0,
      "penalties_scored" : 0,
      "penalties_missed" : 0,
      "penalties_saved" : 0
    }
  }, {
    "player_id" : 32210,
    "player_name" : "Laia Aleixandri López",
    "player_nickname" : "Laia Aleixandri",
    "birth_date" : "2000-08-25",
    "player_gender" : "female",
    "player_height" : 170.0,
    "player_weight" : 55.0,
    "jersey_number" : 4,
    "country" : {
      "id" : 214,
      "name" : "Spain"
    },
    "positions" : [ {
      "position_id" : 2,
      "position" : "Right Back",
      "from" : "00:00:00.000",
      "to" : null,
      "from_period" : 1,
      "to_period" : null,
      "start_reason" : "Starting XI",
      "end_reason" : "Final Whistle"
    } ],
    "stats" : {
      "own_goals" : 0,
      "goals" : 0,
      "assists" : 0,
      "penalties_scored" : 0,
      "penalties_missed" : 0,
      "penalties_saved" : 0
    }
  }, {
    "player_id" : 34360,
    "player_name" : "Alexandra MacIver",
    "player_nickname" : null,
    "birth_date" : "1998-06-18",
    "player_gender" : "female",
    "player_height" : 176.0,
    "player_weight" : null,
    "jersey_number" : 22,
    "country" : {
      "id" : 68,
      "name" : "England"
    },
    "positions" : [ ],
    "stats" : [ ]
  }, {
    "player_id" : 35693,
    "player_name" : "Mary Boio Fowler",
    "player_nickname" : null,
    "birth_date" : "2003-02-14",
    "player_gender" : "female",
    "player_height" : 171.0,
    "player_weight" : 66.0,
    "jersey_number" : 8,
    "country" : {
      "id" : 14,
      "name" : "Australia"
    },
    "positions" : [ {
      "position_id" : 23,
      "position" : "Center Forward",
      "from" : "01:28:26.283",
      "to" : null,
      "from_period" : 2,
      "to_period" : null,
      "start_reason" : "Substitution - On (Tactical)",
      "end_reason" : "Final Whistle",
      "counterpart_id" : 25554,
      "counterpart_name" : "Khadija Monifa Shaw"
    } ],
    "stats" : {
      "own_goals" : 0,
      "goals" : 0,
      "assists" : 0,
      "penalties_scored" : 0,
      "penalties_missed" : 0,
      "penalties_saved" : 0
    }
  }, {
    "player_id" : 49938,
    "player_name" : "Deyna Cristina Castellanos Naujenis",
    "player_nickname" : null,
    "birth_date" : "1999-04-18",
    "player_gender" : "female",
    "player_height" : 170.0,
    "player_weight" : 58.0,
    "jersey_number" : 10,
    "country" : {
      "id" : 246,
      "name" : "Venezuela (Bolivarian Republic)"
    },
    "positions" : [ {
      "position_id" : 15,
      "position" : "Left Center Midfield",
      "from" : "01:23:38.956",
      "to" : null,
      "from_period" : 2,
      "to_period" : null,
      "start_reason" : "Substitution - On (Tactical)",
      "end_reason" : "Final Whistle",
      "counterpart_id" : 19416,
      "counterpart_name" : "Laura Coombs"
    } ],
    "stats" : {
      "own_goals" : 0,
      "goals" : 0,
      "assists" : 0,
      "penalties_scored" : 0,
      "penalties_missed" : 0,
      "penalties_saved" : 0
    }
  }, {
    "player_id" : 62666,
    "player_name" : "Ingrid Filippa Angeldal",
    "player_nickname" : null,
    "birth_date" : "1997-07-14",
    "player_gender" : "female",
    "player_height" : 170.0,
    "player_weight" : 69.0,
    "jersey_number" : 12,
    "country" : {
      "id" : 220,
      "name" : "Sweden"
    },
    "positions" : [ {
      "position_id" : 13,
      "position" : "Right Center Midfield",
      "from" : "00:00:00.000",
      "to" : null,
      "from_period" : 1,
      "to_period" : null,
      "start_reason" : "Starting XI",
      "end_reason" : "Final Whistle"
    } ],
    "stats" : {
      "own_goals" : 0,
      "goals" : 0,
      "assists" : 0,
      "penalties_scored" : 0,
      "penalties_missed" : 0,
      "penalties_saved" : 0
    }
  }, {
    "player_id" : 189745,
    "player_name" : "Jemima Dahou",
    "player_nickname" : null,
    "birth_date" : "2005-09-05",
    "player_gender" : "female",
    "player_height" : null,
    "player_weight" : null,
    "jersey_number" : 42,
    "country" : {
      "id" : 68,
      "name" : "England"
    },
    "positions" : [ ],
    "stats" : [ ]
  }, {
    "player_id" : 191851,
    "player_name" : "Julie Blakstad",
    "player_nickname" : null,
    "birth_date" : "2001-08-27",
    "player_gender" : "female",
    "player_height" : 177.0,
    "player_weight" : null,
    "jersey_number" : 41,
    "country" : {
      "id" : 171,
      "name" : "Norway"
    },
    "positions" : [ {
      "position_id" : 21,
      "position" : "Left Wing",
      "from" : "01:23:29.250",
      "to" : "01:29:15.016",
      "from_period" : 2,
      "to_period" : 2,
      "start_reason" : "Substitution - On (Tactical)",
      "end_reason" : "Tactical Shift",
      "counterpart_id" : 15555,
      "counterpart_name" : "Lauren Hemp"
    }, {
      "position_id" : 17,
      "position" : "Right Wing",
      "from" : "01:29:15.016",
      "to" : null,
      "from_period" : 2,
      "to_period" : null,
      "start_reason" : "Tactical Shift",
      "end_reason" : "Final Whistle"
    } ],
    "stats" : {
      "own_goals" : 0,
      "goals" : 0,
      "assists" : 0,
      "penalties_scored" : 0,
      "penalties_missed" : 0,
      "penalties_saved" : 0
    }
  }, {
    "player_id" : 221888,
    "player_name" : "Kerstin Yasmijn Casparij",
    "player_nickname" : null,
    "birth_date" : "2000-08-19",
    "player_gender" : "female",
    "player_height" : null,
    "player_weight" : null,
    "jersey_number" : 2,
    "country" : {
      "id" : 160,
      "name" : "Netherlands"
    },
    "positions" : [ ],
    "stats" : [ ]
  } ],
  "formations" : [ {
    "period" : 1,
    "timestamp" : "00:00:00.000",
    "reason" : "Starting XI",
    "formation" : 433
  } ],
  "events" : [ {
    "period" : 1,
    "timestamp" : "00:00:00.000",
    "type" : "Half Start"
  }, {
    "player_id" : 25554,
    "player_name" : "Khadija Monifa Shaw",
    "period" : 1,
    "timestamp" : "00:46:05.529",
    "type" : "Shot",
    "outcome" : "Goal"
  }, {
    "period" : 1,
    "timestamp" : "00:47:08.964",
    "type" : "Half End"
  }, {
    "period" : 2,
    "timestamp" : "00:45:00.000",
    "type" : "Half Start"
  }, {
    "player_id" : 25554,
    "player_name" : "Khadija Monifa Shaw",
    "period" : 2,
    "timestamp" : "00:46:29.798",
    "type" : "Penalty",
    "outcome" : "Goal"
  }, {
    "player_id" : 32210,
    "player_name" : "Laia Aleixandri López",
    "period" : 2,
    "timestamp" : "00:48:42.441",
    "type" : "Foul Committed",
    "outcome" : "Yellow Card"
  }, {
    "player_id" : 10185,
    "player_name" : "Stephanie Houghton",
    "period" : 2,
    "timestamp" : "01:11:51.861",
    "type" : "Foul Committed",
    "outcome" : "Yellow Card"
  }, {
    "player_id" : 25554,
    "player_name" : "Khadija Monifa Shaw",
    "period" : 2,
    "timestamp" : "01:22:19.429",
    "type" : "Shot",
    "outcome" : "Goal"
  }, {
    "player_id" : 10252,
    "player_name" : "Alex Greenwood",
    "period" : 2,
    "timestamp" : "01:31:56.174",
    "type" : "Foul Committed",
    "outcome" : "Yellow Card"
  }, {
    "period" : 2,
    "timestamp" : "01:35:44.075",
    "type" : "Half End"
  } ]
}, {
  "team_id" : 749,
  "team_name" : "Tottenham Hotspur Women",
  "lineup" : [ {
    "player_id" : 4638,
    "player_name" : "Drew Spence",
    "player_nickname" : null,
    "birth_date" : "1992-10-23",
    "player_gender" : "female",
    "player_height" : 164.0,
    "player_weight" : 75.0,
    "jersey_number" : 24,
    "country" : {
      "id" : 113,
      "name" : "Jamaica"
    },
    "positions" : [ {
      "position_id" : 9,
      "position" : "Right Defensive Midfield",
      "from" : "00:00:00.000",
      "to" : "01:23:06.269",
      "from_period" : 1,
      "to_period" : 2,
      "start_reason" : "Starting XI",
      "end_reason" : "Substitution - Off (Tactical)",
      "counterpart_id" : 22798,
      "counterpart_name" : "So-Hyun Cho"
    } ],
    "stats" : {
      "own_goals" : 0,
      "goals" : 0,
      "assists" : 0,
      "penalties_scored" : 0,
      "penalties_missed" : 0,
      "penalties_saved" : 0
    }
  }, {
    "player_id" : 4848,
    "player_name" : "Ashleigh Neville",
    "player_nickname" : null,
    "birth_date" : "1993-04-29",
    "player_gender" : "female",
    "player_height" : null,
    "player_weight" : null,
    "jersey_number" : 29,
    "country" : {
      "id" : 68,
      "name" : "England"
    },
    "positions" : [ {
      "position_id" : 8,
      "position" : "Left Wing Back",
      "from" : "00:00:00.000",
      "to" : null,
      "from_period" : 1,
      "to_period" : null,
      "start_reason" : "Starting XI",
      "end_reason" : "Final Whistle"
    } ],
    "stats" : {
      "own_goals" : 0,
      "goals" : 0,
      "assists" : 0,
      "penalties_scored" : 0,
      "penalties_missed" : 0,
      "penalties_saved" : 0
    }
  }, {
    "player_id" : 5063,
    "player_name" : "Chioma Ubogagu",
    "player_nickname" : null,
    "birth_date" : "1992-09-10",
    "player_gender" : "female",
    "player_height" : 170.0,
    "player_weight" : 62.0,
    "jersey_number" : 18,
    "country" : {
      "id" : 68,
      "name" : "England"
    },
    "positions" : [ ],
    "stats" : [ ]
  }, {
    "player_id" : 13857,
    "player_name" : "Tinja-Riikka Tellervo Korpela",
    "player_nickname" : null,
    "birth_date" : "1986-05-05",
    "player_gender" : "female",
    "player_height" : 176.0,
    "player_weight" : 73.0,
    "jersey_number" : 1,
    "country" : {
      "id" : 77,
      "name" : "Finland"
    },
    "positions" : [ {
      "position_id" : 1,
      "position" : "Goalkeeper",
      "from" : "00:00:00.000",
      "to" : null,
      "from_period" : 1,
      "to_period" : null,
      "start_reason" : "Starting XI",
      "end_reason" : "Final Whistle"
    } ],
    "stats" : {
      "own_goals" : 0,
      "goals" : 0,
      "assists" : 0,
      "penalties_scored" : 0,
      "penalties_missed" : 0,
      "penalties_saved" : 0
    }
  }, {
    "player_id" : 15569,
    "player_name" : "Kerys Harrop",
    "player_nickname" : null,
    "birth_date" : "1990-12-03",
    "player_gender" : "female",
    "player_height" : 175.0,
    "player_weight" : 61.0,
    "jersey_number" : 6,
    "country" : {
      "id" : 68,
      "name" : "England"
    },
    "positions" : [ {
      "position_id" : 5,
      "position" : "Left Center Back",
      "from" : "00:00:00.000",
      "to" : null,
      "from_period" : 1,
      "to_period" : null,
      "start_reason" : "Starting XI",
      "end_reason" : "Final Whistle"
    } ],
    "stats" : {
      "own_goals" : 0,
      "goals" : 0,
      "assists" : 0,
      "penalties_scored" : 0,
      "penalties_missed" : 0,
      "penalties_saved" : 0
    }
  }, {
    "player_id" : 15577,
    "player_name" : "Angharad James",
    "player_nickname" : null,
    "birth_date" : "1994-06-01",
    "player_gender" : "female",
    "player_height" : 170.0,
    "player_weight" : 59.0,
    "jersey_number" : 15,
    "country" : {
      "id" : 249,
      "name" : "Wales"
    },
    "positions" : [ {
      "position_id" : 11,
      "position" : "Left Defensive Midfield",
      "from" : "00:00:00.000",
      "to" : null,
      "from_period" : 1,
      "to_period" : null,
      "start_reason" : "Starting XI",
      "end_reason" : "Final Whistle"
    } ],
    "stats" : {
      "own_goals" : 0,
      "goals" : 0,
      "assists" : 0,
      "penalties_scored" : 0,
      "penalties_missed" : 0,
      "penalties_saved" : 0
    }
  }, {
    "player_id" : 18158,
    "player_name" : "Rebecca Leigh Spencer",
    "player_nickname" : "Rebecca Spencer",
    "birth_date" : "1991-02-22",
    "player_gender" : "female",
    "player_height" : 167.0,
    "player_weight" : 57.0,
    "jersey_number" : 22,
    "country" : {
      "id" : 113,
      "name" : "Jamaica"
    },
    "positions" : [ ],
    "stats" : [ ]
  }, {
    "player_id" : 21021,
    "player_name" : "Molly Bartrip",
    "player_nickname" : null,
    "birth_date" : "1996-06-01",
    "player_gender" : "female",
    "player_height" : null,
    "player_weight" : null,
    "jersey_number" : 5,
    "country" : {
      "id" : 68,
      "name" : "England"
    },
    "positions" : [ {
      "position_id" : 4,
      "position" : "Center Back",
      "from" : "00:00:00.000",
      "to" : null,
      "from_period" : 1,
      "to_period" : null,
      "start_reason" : "Starting XI",
      "end_reason" : "Final Whistle"
    } ],
    "stats" : {
      "own_goals" : 0,
      "goals" : 0,
      "assists" : 0,
      "penalties_scored" : 0,
      "penalties_missed" : 0,
      "penalties_saved" : 0
    }
  }, {
    "player_id" : 21048,
    "player_name" : "Rosella Ayane",
    "player_nickname" : null,
    "birth_date" : "1996-03-16",
    "player_gender" : "female",
    "player_height" : 167.0,
    "player_weight" : 60.0,
    "jersey_number" : 23,
    "country" : {
      "id" : 154,
      "name" : "Morocco"
    },
    "positions" : [ {
      "position_id" : 17,
      "position" : "Right Wing",
      "from" : "00:00:00.000",
      "to" : "01:03:11.792",
      "from_period" : 1,
      "to_period" : 2,
      "start_reason" : "Starting XI",
      "end_reason" : "Substitution - Off (Tactical)",
      "counterpart_id" : 31551,
      "counterpart_name" : "Kit Graham"
    } ],
    "stats" : {
      "own_goals" : 0,
      "goals" : 0,
      "assists" : 1,
      "penalties_scored" : 0,
      "penalties_missed" : 0,
      "penalties_saved" : 0
    }
  }, {
    "player_id" : 22798,
    "player_name" : "So-Hyun Cho",
    "player_nickname" : "Cho So-Hyun",
    "birth_date" : "1988-06-24",
    "player_gender" : "female",
    "player_height" : 167.0,
    "player_weight" : 61.0,
    "jersey_number" : 8,
    "country" : {
      "id" : 121,
      "name" : "Korea (South)"
    },
    "positions" : [ {
      "position_id" : 9,
      "position" : "Right Defensive Midfield",
      "from" : "01:23:06.269",
      "to" : null,
      "from_period" : 2,
      "to_period" : null,
      "start_reason" : "Substitution - On (Tactical)",
      "end_reason" : "Final Whistle",
      "counterpart_id" : 4638,
      "counterpart_name" : "Drew Spence"
    } ],
    "stats" : {
      "own_goals" : 0,
      "goals" : 0,
      "assists" : 0,
      "penalties_scored" : 0,
      "penalties_missed" : 0,
      "penalties_saved" : 0
    }
  }, {
    "player_id" : 25610,
    "player_name" : "Mana Iwabuchi",
    "player_nickname" : null,
    "birth_date" : "1993-03-18",
    "player_gender" : "female",
    "player_height" : 156.0,
    "player_weight" : 52.0,
    "jersey_number" : 20,
    "country" : {
      "id" : 114,
      "name" : "Japan"
    },
    "positions" : [ {
      "position_id" : 21,
      "position" : "Left Wing",
      "from" : "00:00:00.000",
      "to" : "01:04:17.025",
      "from_period" : 1,
      "to_period" : 2,
      "start_reason" : "Starting XI",
      "end_reason" : "Tactical Shift"
    }, {
      "position_id" : 17,
      "position" : "Right Wing",
      "from" : "01:04:17.025",
      "to" : null,
      "from_period" : 2,
      "to_period" : null,
      "start_reason" : "Tactical Shift",
      "end_reason" : "Final Whistle"
    } ],
    "stats" : {
      "own_goals" : 0,
      "goals" : 0,
      "assists" : 0,
      "penalties_scored" : 0,
      "penalties_missed" : 0,
      "penalties_saved" : 0
    }
  }, {
    "player_id" : 31533,
    "player_name" : "Amy Turner",
    "player_nickname" : null,
    "birth_date" : "1991-07-04",
    "player_gender" : "female",
    "player_height" : 168.0,
    "player_weight" : 59.0,
    "jersey_number" : 4,
    "country" : {
      "id" : 68,
      "name" : "England"
    },
    "positions" : [ {
      "position_id" : 3,
      "position" : "Right Center Back",
      "from" : "00:00:00.000",
      "to" : null,
      "from_period" : 1,
      "to_period" : null,
      "start_reason" : "Starting XI",
      "end_reason" : "Final Whistle"
    } ],
    "stats" : {
      "own_goals" : 0,
      "goals" : 0,
      "assists" : 0,
      "penalties_scored" : 0,
      "penalties_missed" : 0,
      "penalties_saved" : 0
    }
  }, {
    "player_id" : 31551,
    "player_name" : "Kit Graham",
    "player_nickname" : null,
    "birth_date" : "1995-11-11",
    "player_gender" : "female",
    "player_height" : 157.0,
    "player_weight" : 52.0,
    "jersey_number" : 16,
    "country" : {
      "id" : 68,
      "name" : "England"
    },
    "positions" : [ {
      "position_id" : 17,
      "position" : "Right Wing",
      "from" : "01:03:11.792",
      "to" : "01:04:17.025",
      "from_period" : 2,
      "to_period" : 2,
      "start_reason" : "Substitution - On (Tactical)",
      "end_reason" : "Tactical Shift",
      "counterpart_id" : 21048,
      "counterpart_name" : "Rosella Ayane"
    }, {
      "position_id" : 21,
      "position" : "Left Wing",
      "from" : "01:04:17.025",
      "to" : null,
      "from_period" : 2,
      "to_period" : null,
      "start_reason" : "Tactical Shift",
      "end_reason" : "Final Whistle"
    } ],
    "stats" : {
      "own_goals" : 0,
      "goals" : 0,
      "assists" : 0,
      "penalties_scored" : 0,
      "penalties_missed" : 0,
      "penalties_saved" : 0
    }
  }, {
    "player_id" : 46541,
    "player_name" : "Asmita Ale",
    "player_nickname" : null,
    "birth_date" : "2001-11-03",
    "player_gender" : "female",
    "player_height" : null,
    "player_weight" : null,
    "jersey_number" : 13,
    "country" : {
      "id" : 68,
      "name" : "England"
    },
    "positions" : [ ],
    "stats" : [ ]
  }, {
    "player_id" : 63424,
    "player_name" : "Nikola Karczewska",
    "player_nickname" : null,
    "birth_date" : "1999-10-16",
    "player_gender" : "female",
    "player_height" : 183.0,
    "player_weight" : 69.0,
    "jersey_number" : 9,
    "country" : {
      "id" : 182,
      "name" : "Poland"
    },
    "positions" : [ {
      "position_id" : 23,
      "position" : "Center Forward",
      "from" : "00:00:00.000",
      "to" : "01:31:17.459",
      "from_period" : 1,
      "to_period" : 2,
      "start_reason" : "Starting XI",
      "end_reason" : "Substitution - Off (Tactical)",
      "counterpart_id" : 353330,
      "counterpart_name" : "Lenna Gunning-Williams"
    } ],
    "stats" : {
      "own_goals" : 0,
      "goals" : 0,
      "assists" : 0,
      "penalties_scored" : 0,
      "penalties_missed" : 0,
      "penalties_saved" : 0
    }
  }, {
    "player_id" : 87194,
    "player_name" : "Celin Bizet Ildhusøy",
    "player_nickname" : null,
    "birth_date" : "2001-10-24",
    "player_gender" : "female",
    "player_height" : 175.0,
    "player_weight" : 59.0,
    "jersey_number" : 14,
    "country" : {
      "id" : 171,
      "name" : "Norway"
    },
    "positions" : [ {
      "position_id" : 7,
      "position" : "Right Wing Back",
      "from" : "00:00:00.000",
      "to" : null,
      "from_period" : 1,
      "to_period" : null,
      "start_reason" : "Starting XI",
      "end_reason" : "Final Whistle"
    } ],
    "stats" : {
      "own_goals" : 0,
      "goals" : 1,
      "assists" : 0,
      "penalties_scored" : 0,
      "penalties_missed" : 0,
      "penalties_saved" : 0
    }
  }, {
    "player_id" : 353330,
    "player_name" : "Lenna Gunning-Williams",
    "player_nickname" : null,
    "birth_date" : "2005-02-05",
    "player_gender" : "female",
    "player_height" : null,
    "player_weight" : null,
    "jersey_number" : 39,
    "country" : {
      "id" : 68,
      "name" : "England"
    },
    "positions" : [ {
      "position_id" : 23,
      "position" : "Center Forward",
      "from" : "01:31:17.459",
      "to" : null,
      "from_period" : 2,
      "to_period" : null,
      "start_reason" : "Substitution - On (Tactical)",
      "end_reason" : "Final Whistle",
      "counterpart_id" : 63424,
      "counterpart_name" : "Nikola Karczewska"
    } ],
    "stats" : {
      "own_goals" : 0,
      "goals" : 0,
      "assists" : 0,
      "penalties_scored" : 0,
      "penalties_missed" : 0,
      "penalties_saved" : 0
    }
  }, {
    "player_id" : 355828,
    "player_name" : "Ella Rose Houghton",
    "player_nickname" : null,
    "birth_date" : "2004-09-26",
    "player_gender" : "female",
    "player_height" : null,
    "player_weight" : null,
    "jersey_number" : 37,
    "country" : {
      "id" : 68,
      "name" : "England"
    },
    "positions" : [ ],
    "stats" : [ ]
  } ],
  "formations" : [ {
    "period" : 1,
    "timestamp" : "00:00:00.000",
    "reason" : "Starting XI",
    "formation" : 343
  } ],
  "events" : [ {
    "period" : 1,
    "timestamp" : "00:00:00.000",
    "type" : "Half Start"
  }, {
    "player_id" : 21048,
    "player_name" : "Rosella Ayane",
    "period" : 1,
    "timestamp" : "00:30:42.024",
    "type" : "Low Pass",
    "outcome" : "Assist"
  }, {
    "player_id" : 87194,
    "player_name" : "Celin Bizet Ildhusøy",
    "period" : 1,
    "timestamp" : "00:30:44.673",
    "type" : "Shot",
    "outcome" : "Goal"
  }, {
    "player_id" : 4638,
    "player_name" : "Drew Spence",
    "period" : 1,
    "timestamp" : "00:33:23.920",
    "type" : "Foul Committed",
    "outcome" : "Yellow Card"
  }, {
    "period" : 1,
    "timestamp" : "00:47:08.964",
    "type" : "Half End"
  }, {
    "period" : 2,
    "timestamp" : "00:45:00.000",
    "type" : "Half Start"
  }, {
    "period" : 2,
    "timestamp" : "01:35:44.075",
    "type" : "Half End"
  } ]
} ]